Employee_ID,First_Name,Last_Name,Age,Department_Region,Status,Join_Date,Salary,Email,Phone,Performance_Score,Remote_Work,Department,Region,Performance_Score_Ordinal,Tenure_Years,Join_Year,Join_Month,Join_Quarter
EMP1000,Bob,Davis,25.0,DevOps-California,Active,2021-04-02,59767.65,bob.davis@example.com,-1651623197,Average,True,DevOps,California,2,3.7426420260095825,2021,4,2
EMP1001,Bob,Brown,,Finance-Texas,Active,2020-07-10,65304.66,bob.brown@example.com,-1898471390,Excellent,True,Finance,Texas,4,4.470910335386721,2020,7,3
EMP1002,Alice,Jones,,Admin-Nevada,Pending,2023-12-07,88145.9,alice.jones@example.com,-5596363211,Good,True,Admin,Nevada,3,1.0622861054072552,2023,12,4
EMP1003,Eva,Davis,25.0,Admin-Nevada,Inactive,2021-11-27,69450.99,eva.davis@example.com,-3476490784,Good,True,Admin,Nevada,3,3.0882956878850103,2021,11,4
EMP1004,Frank,Williams,25.0,Cloud Tech-Florida,Active,2022-01-05,109324.61,frank.williams@example.com,-1586734256,Poor,False,Cloud Tech,Florida,1,2.9815195071868583,2022,1,1
EMP1005,Alice,Garcia,40.0,Sales-Texas,Inactive,2020-06-10,88642.84,alice.garcia@example.com,-5409003485,Good,False,Sales,Texas,3,4.553045859000685,2020,6,2
EMP1006,Frank,Jones,,Admin-Nevada,Active,2020-04-03,96288.43,frank.jones@example.com,-4518376063,Good,False,Admin,Nevada,3,4.739219712525667,2020,4,2
EMP1007,Bob,Jones,30.0,Cloud Tech-Florida,Inactive,2022-07-17,94497.91,bob.jones@example.com,-4134327559,Average,True,Cloud Tech,Florida,2,2.4531143052703626,2022,7,3
EMP1008,Frank,Davis,35.0,Admin-Nevada,Inactive,2023-12-08,115565.82,frank.davis@example.com,-4177656123,Excellent,True,Admin,Nevada,4,1.0595482546201231,2023,12,4
EMP1009,Charlie,Johnson,,DevOps-New York,Active,2022-08-04,76561.88,charlie.johnson@example.com,-8156985699,Excellent,True,DevOps,New York,4,2.403832991101985,2022,8,3
EMP1010,David,Williams,35.0,Cloud Tech-New York,Active,2024-07-06,72081.71,david.williams@example.com,-2720634590,Average,False,Cloud Tech,New York,2,0.48186173853524983,2024,7,3
EMP1011,David,Davis,,DevOps-California,Active,2023-09-04,84946.19,david.davis@example.com,-1238296576,Poor,True,DevOps,California,1,1.319644079397673,2023,9,3
EMP1012,Heidi,Williams,30.0,HR-New York,Active,2024-03-05,89295.77,heidi.williams@example.com,-2429543164,Excellent,False,HR,New York,4,0.8186173853524983,2024,3,1
EMP1013,Grace,Williams,,Finance-California,Active,2020-10-10,85666.84,grace.williams@example.com,-2669300892,Good,False,Finance,California,3,4.219028062970568,2020,10,4
EMP1014,Alice,Garcia,25.0,Admin-Nevada,Active,2024-06-10,97633.68,alice.garcia@example.com,-1734206968,Excellent,True,Admin,Nevada,4,0.5530458590006845,2024,6,2
EMP1015,Grace,Jones,40.0,Sales-Florida,Pending,2021-05-29,117975.49,grace.jones@example.com,-4215291085,Good,True,Sales,Florida,3,3.586584531143053,2021,5,2
EMP1016,Alice,Brown,25.0,DevOps-Illinois,Inactive,2024-04-23,94867.33,alice.brown@example.com,-7713334475,Poor,False,DevOps,Illinois,1,0.6844626967830253,2024,4,2
EMP1017,Grace,Garcia,30.0,Finance-Texas,Pending,2024-11-28,100377.65,grace.garcia@example.com,-2639343625,Average,True,Finance,Texas,2,0.08487337440109514,2024,11,4
EMP1018,Charlie,Garcia,,Cloud Tech-Nevada,Inactive,2024-09-19,94726.46,charlie.garcia@example.com,-2044397358,Excellent,False,Cloud Tech,Nevada,4,0.27652292950034224,2024,9,3
EMP1019,Charlie,Williams,35.0,Admin-Illinois,Pending,2020-01-02,91926.12,charlie.williams@example.com,-7107256365,Average,True,Admin,Illinois,2,4.991101984941821,2020,1,1
EMP1020,Bob,Miller,35.0,HR-New York,Active,2021-05-08,111460.67,bob.miller@example.com,-9411800536,Excellent,True,HR,New York,4,3.6440793976728267,2021,5,2
EMP1021,Bob,Jones,40.0,Cloud Tech-Illinois,Active,2020-09-19,96182.56,bob.jones@example.com,-5990048963,Good,False,Cloud Tech,Illinois,3,4.276522929500342,2020,9,3
EMP1022,Charlie,Johnson,35.0,Sales-Illinois,Inactive,2021-03-09,115023.94,charlie.johnson@example.com,-6528092427,Average,True,Sales,Illinois,2,3.808350444900753,2021,3,1
EMP1023,David,Garcia,35.0,Finance-Nevada,Pending,2022-02-03,80667.01,david.garcia@example.com,-7572158623,Excellent,False,Finance,Nevada,4,2.9021218343600275,2022,2,1
EMP1024,Bob,Brown,30.0,Admin-Texas,Inactive,2020-02-13,91181.61,bob.brown@example.com,-1502745643,Good,True,Admin,Texas,3,4.876112251882272,2020,2,1
EMP1025,David,Miller,25.0,Cloud Tech-Nevada,Pending,2020-04-30,66025.92,david.miller@example.com,-9485625727,Average,False,Cloud Tech,Nevada,2,4.6652977412731005,2020,4,2
EMP1026,Frank,Miller,25.0,Sales-New York,Inactive,2023-10-02,83979.01,frank.miller@example.com,-7032032073,Average,False,Sales,New York,2,1.242984257357974,2023,10,4
EMP1027,Heidi,Johnson,30.0,Finance-Florida,Active,2020-07-12,56785.16,heidi.johnson@example.com,-2761707586,Excellent,True,Finance,Florida,4,4.465434633812457,2020,7,3
EMP1028,Grace,Garcia,40.0,Finance-Nevada,Active,2023-10-11,95741.88,grace.garcia@example.com,-7712151341,Excellent,False,Finance,Nevada,4,1.218343600273785,2023,10,4
EMP1029,Alice,Brown,40.0,DevOps-California,Active,2021-05-24,63411.31,alice.brown@example.com,-2849939088,Excellent,True,DevOps,California,4,3.600273785078713,2021,5,2
EMP1030,Charlie,Jones,40.0,Admin-California,Inactive,2021-05-26,111214.02,charlie.jones@example.com,-2613715040,Good,True,Admin,California,3,3.594798083504449,2021,5,2
EMP1031,Bob,Smith,25.0,DevOps-Illinois,Active,2020-07-10,114845.69,bob.smith@example.com,-6591520176,Excellent,True,DevOps,Illinois,4,4.470910335386721,2020,7,3
EMP1032,Charlie,Brown,40.0,Finance-Florida,Active,2024-11-05,78072.82,charlie.brown@example.com,-7490509758,Average,False,Finance,Florida,2,0.14784394250513347,2024,11,4
EMP1033,Grace,Johnson,25.0,Finance-California,Inactive,2021-08-07,79610.52,grace.johnson@example.com,-2304501895,Average,False,Finance,California,2,3.3949349760438055,2021,8,3
EMP1034,Heidi,Miller,30.0,Admin-California,Active,2020-04-29,90542.62,heidi.miller@example.com,-1642361031,Excellent,True,Admin,California,4,4.6680355920602326,2020,4,2
EMP1035,Frank,Jones,25.0,Cloud Tech-Illinois,Inactive,2022-10-26,114357.1,frank.jones@example.com,-6642147648,Excellent,True,Cloud Tech,Illinois,4,2.1765913757700206,2022,10,4
EMP1036,Alice,Brown,,Cloud Tech-New York,Active,2023-05-03,54757.26,alice.brown@example.com,-2515837766,Poor,False,Cloud Tech,New York,1,1.6591375770020533,2023,5,2
EMP1037,Grace,Smith,25.0,Sales-New York,Pending,2023-05-02,52781.92,grace.smith@example.com,-4996165925,Average,True,Sales,New York,2,1.6618754277891854,2023,5,2
EMP1038,Frank,Smith,35.0,Admin-Nevada,Pending,2021-10-05,66708.02,frank.smith@example.com,-6108573277,Good,True,Admin,Nevada,3,3.2334017796030117,2021,10,4
EMP1039,Eva,Williams,40.0,HR-Texas,Active,2022-07-27,93481.15,eva.williams@example.com,-8147617421,Poor,False,HR,Texas,1,2.425735797399042,2022,7,3
EMP1040,Bob,Williams,25.0,Sales-New York,Pending,2021-06-27,59271.96,bob.williams@example.com,-4386490809,Excellent,True,Sales,New York,4,3.5071868583162216,2021,6,2
EMP1041,Bob,Davis,30.0,HR-California,Active,2022-06-16,108362.15,bob.davis@example.com,-8186617944,Excellent,False,HR,California,4,2.537987679671458,2022,6,2
EMP1042,Alice,Johnson,,HR-Nevada,Active,2024-12-03,59400.38,alice.johnson@example.com,-4918017225,Average,True,HR,Nevada,2,0.07118412046543464,2024,12,4
EMP1043,Bob,Garcia,,Admin-California,Inactive,2023-05-23,64744.08,bob.garcia@example.com,-164597793,Excellent,False,Admin,California,4,1.6043805612594113,2023,5,2
EMP1044,Eva,Brown,,Finance-California,Active,2020-07-08,94399.91,eva.brown@example.com,-5232194167,Good,True,Finance,California,3,4.476386036960986,2020,7,3
EMP1045,Alice,Brown,25.0,HR-New York,Pending,2021-06-20,61310.74,alice.brown@example.com,-61027768,Average,True,HR,New York,2,3.5263518138261465,2021,6,2
EMP1046,Grace,Garcia,,Cloud Tech-Texas,Active,2024-12-13,98371.37,grace.garcia@example.com,-7499564121,Excellent,False,Cloud Tech,Texas,4,0.04380561259411362,2024,12,4
EMP1047,Alice,Davis,35.0,Sales-Illinois,Active,2022-05-30,58921.19,alice.davis@example.com,-310303722,Average,True,Sales,Illinois,2,2.5845311430527036,2022,5,2
EMP1048,Alice,Miller,35.0,Admin-Nevada,Active,2023-09-27,57195.55,alice.miller@example.com,-6831472759,Excellent,False,Admin,Nevada,4,1.2566735112936345,2023,9,3
EMP1049,Grace,Miller,,DevOps-New York,Active,2024-11-05,61375.12,grace.miller@example.com,-1227770792,Excellent,True,DevOps,New York,4,0.14784394250513347,2024,11,4
EMP1050,Charlie,Davis,40.0,Cloud Tech-New York,Pending,2021-11-11,104767.05,charlie.davis@example.com,-3496050165,Excellent,False,Cloud Tech,New York,4,3.132101300479124,2021,11,4
EMP1051,David,Miller,35.0,Admin-Nevada,Active,2022-02-22,111051.67,david.miller@example.com,-7998407677,Good,False,Admin,Nevada,3,2.8501026694045173,2022,2,1
EMP1052,David,Williams,30.0,Finance-California,Inactive,2024-08-07,105674.18,david.williams@example.com,-9973080694,Good,False,Finance,California,3,0.3942505133470226,2024,8,3
EMP1053,Alice,Brown,30.0,Finance-California,Inactive,2024-11-05,54859.45,alice.brown@example.com,-8146717956,Average,False,Finance,California,2,0.14784394250513347,2024,11,4
EMP1054,Frank,Davis,,Finance-Nevada,Pending,2021-11-09,115746.6,frank.davis@example.com,-6024375737,Excellent,True,Finance,Nevada,4,3.137577002053388,2021,11,4
EMP1055,Eva,Brown,30.0,Sales-California,Active,2020-08-10,91759.99,eva.brown@example.com,-3959724664,Excellent,True,Sales,California,4,4.386036960985626,2020,8,3
EMP1056,Frank,Garcia,40.0,Sales-Illinois,Active,2022-02-27,112965.33,frank.garcia@example.com,-7293417222,Good,False,Sales,Illinois,3,2.836413415468857,2022,2,1
EMP1057,Alice,Smith,40.0,Cloud Tech-Illinois,Pending,2023-11-07,100360.1,alice.smith@example.com,-2971674337,Excellent,False,Cloud Tech,Illinois,4,1.1444216290212184,2023,11,4
EMP1058,David,Williams,35.0,Finance-Texas,Pending,2021-11-07,93620.88,david.williams@example.com,-54522800,Good,False,Finance,Texas,3,3.143052703627652,2021,11,4
EMP1059,Bob,Jones,35.0,Sales-California,Pending,2022-04-16,72832.8,bob.jones@example.com,-5619318373,Excellent,True,Sales,California,4,2.704996577686516,2022,4,2
EMP1060,Charlie,Williams,30.0,Finance-Nevada,Inactive,2023-10-19,102369.42,charlie.williams@example.com,-5508428909,Average,True,Finance,Nevada,2,1.1964407939767283,2023,10,4
EMP1061,Eva,Davis,40.0,Sales-Texas,Inactive,2021-08-10,64712.79,eva.davis@example.com,-7711991807,Excellent,True,Sales,Texas,4,3.3867214236824092,2021,8,3
EMP1062,Frank,Jones,40.0,Finance-Florida,Pending,2021-03-13,85782.18,frank.jones@example.com,-1213524786,Excellent,True,Finance,Florida,4,3.7973990417522243,2021,3,1
EMP1063,Charlie,Smith,25.0,HR-Illinois,Pending,2023-07-20,93348.26,charlie.smith@example.com,-1255213759,Poor,False,HR,Illinois,1,1.4455852156057496,2023,7,3
EMP1064,David,Davis,35.0,Admin-New York,Active,2020-02-20,53234.96,david.davis@example.com,-3754821455,Good,False,Admin,New York,3,4.856947296372348,2020,2,1
EMP1065,Bob,Johnson,40.0,Finance-Nevada,Pending,2021-02-02,100284.21,bob.johnson@example.com,-5328632665,Excellent,False,Finance,Nevada,4,3.9041752224503763,2021,2,1
EMP1066,Grace,Brown,30.0,Admin-Nevada,Pending,2020-01-12,112486.19,grace.brown@example.com,-7850720810,Excellent,True,Admin,Nevada,4,4.963723477070499,2020,1,1
EMP1067,Bob,Smith,40.0,Admin-New York,Pending,2022-11-26,82518.49,bob.smith@example.com,-5562606028,Poor,True,Admin,New York,1,2.0917180013689256,2022,11,4
EMP1068,Bob,Brown,40.0,Admin-Florida,Pending,2022-12-23,119152.47,bob.brown@example.com,-846684549,Poor,True,Admin,Florida,1,2.0177960301163584,2022,12,4
EMP1069,Heidi,Miller,,DevOps-Illinois,Inactive,2024-08-28,113479.83,heidi.miller@example.com,-4892673898,Good,False,DevOps,Illinois,3,0.33675564681724846,2024,8,3
EMP1070,Charlie,Johnson,40.0,Finance-California,Active,2024-09-16,94636.3,charlie.johnson@example.com,-7563410855,Poor,False,Finance,California,1,0.28473648186173856,2024,9,3
EMP1071,Heidi,Johnson,30.0,HR-Florida,Active,2024-01-01,70000.97,heidi.johnson@example.com,-2884318847,Average,True,HR,Florida,2,0.9938398357289527,2024,1,1
EMP1072,Frank,Smith,,Cloud Tech-New York,Active,2021-04-18,76812.47,frank.smith@example.com,-5200894345,Poor,False,Cloud Tech,New York,1,3.698836413415469,2021,4,2
EMP1073,David,Johnson,25.0,Finance-Florida,Inactive,2023-01-16,82614.7,david.johnson@example.com,-8105485100,Average,True,Finance,Florida,2,1.9520876112251881,2023,1,1
EMP1074,Grace,Jones,40.0,Sales-Nevada,Active,2024-10-20,111645.97,grace.jones@example.com,-7490753997,Good,True,Sales,Nevada,3,0.19164955509924708,2024,10,4
EMP1075,Heidi,Johnson,25.0,HR-California,Inactive,2024-10-13,112414.91,heidi.johnson@example.com,-9354492682,Good,False,HR,California,3,0.2108145106091718,2024,10,4
EMP1076,David,Brown,40.0,Admin-California,Inactive,2022-09-21,52031.74,david.brown@example.com,-1589357125,Good,True,Admin,California,3,2.272416153319644,2022,9,3
EMP1077,Grace,Brown,30.0,Finance-New York,Pending,2022-12-29,51887.65,grace.brown@example.com,-6110627370,Good,False,Finance,New York,3,2.001368925393566,2022,12,4
EMP1078,Alice,Davis,25.0,DevOps-Florida,Active,2024-11-10,82318.89,alice.davis@example.com,-5869886496,Good,True,DevOps,Florida,3,0.13415468856947296,2024,11,4
EMP1079,Grace,Brown,35.0,Admin-Florida,Inactive,2021-11-22,103286.08,grace.brown@example.com,-6776228276,Average,False,Admin,Florida,2,3.1019849418206706,2021,11,4
EMP1080,Grace,Davis,35.0,Cloud Tech-Florida,Active,2024-03-14,87759.33,grace.davis@example.com,-2881377027,Average,False,Cloud Tech,Florida,2,0.7939767282683093,2024,3,1
EMP1081,Frank,Brown,30.0,DevOps-Texas,Pending,2020-03-23,102796.32,frank.brown@example.com,-5196115939,Good,False,DevOps,Texas,3,4.769336071184121,2020,3,1
EMP1082,David,Jones,25.0,Sales-New York,Active,2020-09-15,83149.27,david.jones@example.com,-8215454469,Poor,True,Sales,New York,1,4.287474332648871,2020,9,3
EMP1083,David,Garcia,40.0,DevOps-California,Inactive,2020-12-09,92412.49,david.garcia@example.com,-2296044326,Excellent,True,DevOps,California,4,4.054757015742642,2020,12,4
EMP1084,Bob,Davis,30.0,HR-Texas,Pending,2020-02-22,115022.1,bob.davis@example.com,-185106793,Good,False,HR,Texas,3,4.851471594798084,2020,2,1
EMP1085,Grace,Williams,40.0,DevOps-New York,Active,2023-04-27,98343.01,grace.williams@example.com,-9756792286,Poor,False,DevOps,New York,1,1.675564681724846,2023,4,2
EMP1086,Bob,Miller,35.0,DevOps-Illinois,Active,2024-06-18,118869.1,bob.miller@example.com,-7725199662,Excellent,True,DevOps,Illinois,4,0.5311430527036276,2024,6,2
EMP1087,Frank,Smith,,Finance-Nevada,Inactive,2020-05-21,85417.26,frank.smith@example.com,-6580741208,Good,True,Finance,Nevada,3,4.607802874743326,2020,5,2
EMP1088,Grace,Brown,40.0,Cloud Tech-Florida,Inactive,2023-07-25,112410.25,grace.brown@example.com,-4818139889,Good,True,Cloud Tech,Florida,3,1.431895961670089,2023,7,3
EMP1089,Charlie,Johnson,40.0,Admin-Nevada,Pending,2023-08-25,68905.77,charlie.johnson@example.com,-9837801819,Average,False,Admin,Nevada,2,1.3470225872689938,2023,8,3
EMP1090,Heidi,Garcia,40.0,Finance-Nevada,Pending,2021-07-03,72561.32,heidi.garcia@example.com,-4339718955,Excellent,True,Finance,Nevada,4,3.490759753593429,2021,7,3
EMP1091,Bob,Brown,35.0,Finance-New York,Inactive,2023-03-13,92723.22,bob.brown@example.com,-9070562607,Excellent,True,Finance,New York,4,1.7987679671457906,2023,3,1
EMP1092,Alice,Johnson,40.0,HR-New York,Inactive,2021-03-10,74837.75,alice.johnson@example.com,-5641118241,Poor,False,HR,New York,1,3.805612594113621,2021,3,1
EMP1093,Eva,Miller,,DevOps-California,Pending,2020-01-21,86163.91,eva.miller@example.com,-2412462094,Average,True,DevOps,California,2,4.939082819986311,2020,1,1
EMP1094,David,Miller,40.0,Finance-Illinois,Active,2023-11-15,83326.52,david.miller@example.com,-2004615264,Average,True,Finance,Illinois,2,1.1225188227241616,2023,11,4
EMP1095,Heidi,Miller,25.0,Cloud Tech-California,Active,2022-04-08,98425.1,heidi.miller@example.com,-4610339936,Average,True,Cloud Tech,California,2,2.726899383983573,2022,4,2
EMP1096,Frank,Johnson,40.0,Sales-Illinois,Inactive,2022-05-21,119764.2,frank.johnson@example.com,-8861405785,Average,False,Sales,Illinois,2,2.6091718001368926,2022,5,2
EMP1097,Frank,Brown,40.0,HR-California,Inactive,2021-04-17,58445.91,frank.brown@example.com,-1706304890,Excellent,False,HR,California,4,3.701574264202601,2021,4,2
EMP1098,Bob,Miller,,DevOps-New York,Active,2021-03-19,101702.33,bob.miller@example.com,-3824967182,Excellent,False,DevOps,New York,4,3.780971937029432,2021,3,1
EMP1099,Eva,Jones,25.0,Admin-California,Active,2022-01-09,,eva.jones@example.com,-2582386869,Good,False,Admin,California,3,2.97056810403833,2022,1,1
EMP1100,Charlie,Davis,35.0,Cloud Tech-Texas,Pending,2021-08-21,98819.22,charlie.davis@example.com,-794200748,Good,False,Cloud Tech,Texas,3,3.356605065023956,2021,8,3
EMP1101,Heidi,Johnson,25.0,Cloud Tech-Illinois,Inactive,2022-08-19,83509.99,heidi.johnson@example.com,-4653984027,Average,False,Cloud Tech,Illinois,2,2.3627652292950034,2022,8,3
EMP1102,Alice,Johnson,35.0,Finance-Texas,Active,2022-03-31,84422.26,alice.johnson@example.com,-9141612845,Average,False,Finance,Texas,2,2.74880219028063,2022,3,1
EMP1103,Alice,Brown,30.0,Admin-Illinois,Inactive,2020-06-23,119574.27,alice.brown@example.com,-3985547434,Average,True,Admin,Illinois,2,4.517453798767967,2020,6,2
EMP1104,Grace,Johnson,,Sales-Illinois,Active,2024-05-07,86580.08,grace.johnson@example.com,-5379502096,Good,True,Sales,Illinois,3,0.6461327857631759,2024,5,2
EMP1105,Heidi,Johnson,35.0,Sales-Florida,Inactive,2023-03-10,93471.91,heidi.johnson@example.com,-26876810,Poor,False,Sales,Florida,1,1.8069815195071868,2023,3,1
EMP1106,Bob,Miller,30.0,DevOps-New York,Inactive,2023-09-14,55683.12,bob.miller@example.com,-8071569561,Poor,True,DevOps,New York,1,1.2922655715263518,2023,9,3
EMP1107,Bob,Brown,30.0,Cloud Tech-Florida,Inactive,2023-11-12,91566.78,bob.brown@example.com,-175370303,Good,True,Cloud Tech,Florida,3,1.1307323750855578,2023,11,4
EMP1108,David,Miller,35.0,DevOps-California,Pending,2024-10-26,81782.19,david.miller@example.com,-5319433749,Good,False,DevOps,California,3,0.17522245037645448,2024,10,4
EMP1109,Eva,Davis,,DevOps-New York,Inactive,2020-08-23,88119.37,eva.davis@example.com,-4793036148,Good,True,DevOps,New York,3,4.350444900752909,2020,8,3
EMP1110,Eva,Garcia,30.0,Cloud Tech-Texas,Active,2024-06-11,71532.83,eva.garcia@example.com,-8728399920,Good,True,Cloud Tech,Texas,3,0.5503080082135524,2024,6,2
EMP1111,Eva,Davis,40.0,Cloud Tech-Florida,Pending,2021-09-14,98981.36,eva.davis@example.com,-9212493842,Good,True,Cloud Tech,Florida,3,3.2908966461327855,2021,9,3
EMP1112,Heidi,Garcia,40.0,Cloud Tech-Illinois,Active,2024-12-26,80242.01,heidi.garcia@example.com,-894870604,Good,True,Cloud Tech,Illinois,3,0.008213552361396304,2024,12,4
EMP1113,Eva,Miller,25.0,Cloud Tech-New York,Pending,2024-09-08,110236.18,eva.miller@example.com,-6641877579,Average,True,Cloud Tech,New York,2,0.3066392881587953,2024,9,3
EMP1114,Alice,Davis,35.0,Sales-Texas,Active,2022-08-21,86327.47,alice.davis@example.com,-3046875062,Average,False,Sales,Texas,2,2.3572895277207393,2022,8,3
EMP1115,Eva,Brown,30.0,Sales-Florida,Pending,2024-07-25,84420.81,eva.brown@example.com,-5190361331,Average,False,Sales,Florida,2,0.42984257357973993,2024,7,3
EMP1116,Frank,Smith,40.0,HR-California,Pending,2020-08-02,110041.32,frank.smith@example.com,-5411076094,Average,False,HR,California,2,4.407939767282683,2020,8,3
EMP1117,Heidi,Miller,35.0,DevOps-Florida,Pending,2020-03-16,81837.81,heidi.miller@example.com,-4317350582,Good,True,DevOps,Florida,3,4.788501026694045,2020,3,1
EMP1118,Frank,Garcia,25.0,Finance-Illinois,Active,2023-09-08,110855.72,frank.garcia@example.com,-1997179109,Poor,False,Finance,Illinois,1,1.3086926762491444,2023,9,3
EMP1119,Alice,Jones,30.0,Sales-California,Pending,2024-03-29,84894.52,alice.jones@example.com,-651207048,Excellent,True,Sales,California,4,0.7529089664613279,2024,3,1
EMP1120,Alice,Garcia,30.0,HR-Illinois,Active,2021-08-12,80668.13,alice.garcia@example.com,-6110804660,Good,True,HR,Illinois,3,3.381245722108145,2021,8,3
EMP1121,Bob,Jones,25.0,DevOps-Illinois,Active,2023-12-24,61086.47,bob.jones@example.com,-9639907675,Excellent,True,DevOps,Illinois,4,1.0157426420260096,2023,12,4
EMP1122,Grace,Johnson,25.0,Admin-Texas,Inactive,2020-08-28,95339.68,grace.johnson@example.com,-9915078592,Poor,True,Admin,Texas,1,4.336755646817249,2020,8,3
EMP1123,Eva,Davis,,DevOps-California,Inactive,2024-09-05,83774.97,eva.davis@example.com,-1109193927,Average,False,DevOps,California,2,0.31485284052019163,2024,9,3
EMP1124,Heidi,Jones,,Admin-Florida,Active,2023-05-12,85576.86,heidi.jones@example.com,-4567972319,Poor,False,Admin,Florida,1,1.6344969199178645,2023,5,2
EMP1125,Bob,Garcia,35.0,Finance-California,Pending,2021-07-01,107438.46,bob.garcia@example.com,-249685497,Good,True,Finance,California,3,3.4962354551676933,2021,7,3
EMP1126,Eva,Johnson,,Sales-Nevada,Inactive,2024-11-07,60401.68,eva.johnson@example.com,-2274954507,Average,False,Sales,Nevada,2,0.14236824093086928,2024,11,4
EMP1127,Frank,Smith,35.0,Sales-Illinois,Inactive,2022-07-21,115299.66,frank.smith@example.com,-9203880652,Good,True,Sales,Illinois,3,2.4421629021218343,2022,7,3
EMP1128,David,Brown,,Finance-New York,Inactive,2020-03-30,72272.34,david.brown@example.com,-3315377958,Average,False,Finance,New York,2,4.7501711156741955,2020,3,1
EMP1129,Grace,Brown,40.0,DevOps-Nevada,Active,2022-10-11,117537.71,grace.brown@example.com,-9594652169,Excellent,False,DevOps,Nevada,4,2.217659137577002,2022,10,4
EMP1130,Frank,Brown,25.0,Finance-Texas,Pending,2022-07-24,51074.33,frank.brown@example.com,-7303379336,Excellent,True,Finance,Texas,4,2.433949349760438,2022,7,3
EMP1131,Charlie,Jones,25.0,Finance-California,Inactive,2023-06-30,98489.32,charlie.jones@example.com,-5636205014,Excellent,False,Finance,California,4,1.5003422313483916,2023,6,2
EMP1132,Frank,Smith,,Finance-California,Pending,2024-01-11,112120.71,frank.smith@example.com,-812473949,Poor,True,Finance,California,1,0.9664613278576317,2024,1,1
EMP1133,Alice,Jones,,Cloud Tech-New York,Pending,2023-11-02,114465.04,alice.jones@example.com,-334234257,Good,False,Cloud Tech,New York,3,1.158110882956879,2023,11,4
EMP1134,Bob,Davis,40.0,Cloud Tech-Nevada,Pending,2024-11-22,57035.51,bob.davis@example.com,-3230241025,Poor,True,Cloud Tech,Nevada,1,0.10130047912388775,2024,11,4
EMP1135,Eva,Jones,25.0,Cloud Tech-California,Active,2021-08-23,75092.43,eva.jones@example.com,-1534735527,Excellent,True,Cloud Tech,California,4,3.351129363449692,2021,8,3
EMP1136,David,Smith,,Finance-Illinois,Pending,2024-06-11,62603.98,david.smith@example.com,-9611223385,Good,False,Finance,Illinois,3,0.5503080082135524,2024,6,2
EMP1137,Grace,Smith,,DevOps-New York,Inactive,2023-04-09,60018.24,grace.smith@example.com,-5596309937,Excellent,False,DevOps,New York,4,1.7248459958932238,2023,4,2
EMP1138,Eva,Davis,40.0,HR-Nevada,Active,2024-07-05,82567.73,eva.davis@example.com,-4253042896,Poor,True,HR,Nevada,1,0.48459958932238195,2024,7,3
EMP1139,Charlie,Smith,25.0,Finance-California,Pending,2021-09-04,94725.71,charlie.smith@example.com,-3179128684,Poor,False,Finance,California,1,3.3182751540041067,2021,9,3
EMP1140,Eva,Garcia,40.0,HR-New York,Inactive,2024-10-13,83824.56,eva.garcia@example.com,-7872558776,Poor,False,HR,New York,1,0.2108145106091718,2024,10,4
EMP1141,Frank,Smith,,HR-Nevada,Inactive,2020-02-14,118456.11,frank.smith@example.com,-4969033372,Excellent,True,HR,Nevada,4,4.87337440109514,2020,2,1
EMP1142,Eva,Brown,25.0,Sales-Nevada,Pending,2020-04-10,113743.19,eva.brown@example.com,-6346692547,Good,True,Sales,Nevada,3,4.720054757015743,2020,4,2
EMP1143,Eva,Garcia,30.0,Sales-California,Active,2023-07-27,63309.24,eva.garcia@example.com,-1214785389,Good,False,Sales,California,3,1.4264202600958247,2023,7,3
EMP1144,Charlie,Garcia,25.0,DevOps-Nevada,Active,2021-09-24,105202.73,charlie.garcia@example.com,-7895677664,Excellent,True,DevOps,Nevada,4,3.263518138261465,2021,9,3
EMP1145,Frank,Davis,30.0,Cloud Tech-California,Inactive,2024-03-10,79085.22,frank.davis@example.com,-7546027340,Good,True,Cloud Tech,California,3,0.8049281314168378,2024,3,1
EMP1146,Frank,Williams,,Sales-California,Active,2021-06-10,113983.43,frank.williams@example.com,-5148881430,Excellent,True,Sales,California,4,3.5537303216974676,2021,6,2
EMP1147,Eva,Williams,35.0,Cloud Tech-Florida,Active,2020-10-15,102790.6,eva.williams@example.com,-1150835353,Good,False,Cloud Tech,Florida,3,4.205338809034908,2020,10,4
EMP1148,Grace,Smith,,HR-Texas,Inactive,2020-01-29,68512.1,grace.smith@example.com,-4439284043,Average,False,HR,Texas,2,4.917180013689254,2020,1,1
EMP1149,Frank,Garcia,35.0,Sales-Florida,Pending,2022-01-30,57584.23,frank.garcia@example.com,-5669078262,Average,True,Sales,Florida,2,2.9130732375085557,2022,1,1
EMP1150,Alice,Williams,,Sales-California,Pending,2021-03-29,95335.67,alice.williams@example.com,-3373898774,Poor,False,Sales,California,1,3.753593429158111,2021,3,1
EMP1151,Heidi,Williams,35.0,DevOps-Florida,Active,2020-10-13,53174.28,heidi.williams@example.com,-1536637779,Average,True,DevOps,Florida,2,4.210814510609172,2020,10,4
EMP1152,Heidi,Smith,25.0,Cloud Tech-New York,Pending,2020-10-04,77205.21,heidi.smith@example.com,-5292407552,Average,False,Cloud Tech,New York,2,4.2354551676933605,2020,10,4
EMP1153,Grace,Williams,,DevOps-Nevada,Active,2024-12-18,79041.92,grace.williams@example.com,-6668459089,Average,True,DevOps,Nevada,2,0.030116358658453114,2024,12,4
EMP1154,Heidi,Jones,,Finance-California,Active,2023-11-14,75937.1,heidi.jones@example.com,-2259999662,Excellent,True,Finance,California,4,1.1252566735112937,2023,11,4
EMP1155,David,Johnson,35.0,Cloud Tech-Nevada,Inactive,2023-01-20,113118.73,david.johnson@example.com,-6186371596,Average,False,Cloud Tech,Nevada,2,1.9411362080766599,2023,1,1
EMP1156,Alice,Davis,40.0,HR-New York,Active,2024-10-02,107693.38,alice.davis@example.com,-4121820969,Average,True,HR,New York,2,0.24093086926762491,2024,10,4
EMP1157,David,Johnson,,Cloud Tech-Texas,Inactive,2021-05-13,119217.46,david.johnson@example.com,-2316433480,Poor,False,Cloud Tech,Texas,1,3.6303901437371664,2021,5,2
EMP1158,David,Smith,25.0,Sales-New York,Pending,2021-03-18,106913.71,david.smith@example.com,-7058025661,Average,False,Sales,New York,2,3.783709787816564,2021,3,1
EMP1159,Charlie,Brown,,Cloud Tech-California,Active,2020-09-23,87815.08,charlie.brown@example.com,-1286716322,Average,True,Cloud Tech,California,2,4.265571526351814,2020,9,3
EMP1160,Bob,Davis,25.0,Admin-Texas,Inactive,2024-06-05,105190.21,bob.davis@example.com,-4672994937,Good,True,Admin,Texas,3,0.5667351129363449,2024,6,2
EMP1161,Alice,Smith,30.0,HR-Texas,Active,2024-02-28,79467.24,alice.smith@example.com,-7430271692,Poor,False,HR,Texas,1,0.8350444900752909,2024,2,1
EMP1162,Bob,Garcia,40.0,Finance-California,Pending,2023-04-30,57633.78,bob.garcia@example.com,-8597779013,Poor,True,Finance,California,1,1.6673511293634498,2023,4,2
EMP1163,Alice,Brown,,HR-Florida,Pending,2020-03-04,54257.78,alice.brown@example.com,-7546926328,Poor,True,HR,Florida,1,4.82135523613963,2020,3,1
EMP1164,Grace,Johnson,40.0,DevOps-Texas,Inactive,2023-12-29,113679.06,grace.johnson@example.com,-6762916031,Poor,True,DevOps,Texas,1,1.002053388090349,2023,12,4
EMP1165,Bob,Smith,35.0,Sales-New York,Active,2020-09-15,69251.12,bob.smith@example.com,-4841376814,Poor,True,Sales,New York,1,4.287474332648871,2020,9,3
EMP1166,Frank,Garcia,40.0,Sales-Illinois,Inactive,2022-07-18,85388.58,frank.garcia@example.com,-1185672437,Poor,True,Sales,Illinois,1,2.4503764544832305,2022,7,3
EMP1167,Bob,Davis,,DevOps-New York,Inactive,2022-07-13,112166.37,bob.davis@example.com,-701765635,Excellent,False,DevOps,New York,4,2.4640657084188913,2022,7,3
EMP1168,Heidi,Davis,40.0,Finance-Nevada,Active,2021-10-02,79873.48,heidi.davis@example.com,-41257770,Average,False,Finance,Nevada,2,3.241615331964408,2021,10,4
EMP1169,Frank,Miller,30.0,DevOps-Florida,Active,2020-07-05,108224.03,frank.miller@example.com,-1837274219,Poor,True,DevOps,Florida,1,4.484599589322382,2020,7,3
EMP1170,Bob,Garcia,35.0,Admin-Illinois,Active,2023-04-16,116963.72,bob.garcia@example.com,-9124186209,Average,True,Admin,Illinois,2,1.7056810403832992,2023,4,2
EMP1171,Bob,Jones,40.0,HR-Nevada,Inactive,2024-11-12,114109.06,bob.jones@example.com,-4275230836,Average,True,HR,Nevada,2,0.12867898699520877,2024,11,4
EMP1172,Eva,Williams,,HR-California,Active,2023-03-29,85518.88,eva.williams@example.com,-816470899,Excellent,False,HR,California,4,1.754962354551677,2023,3,1
EMP1173,Heidi,Brown,30.0,Cloud Tech-California,Pending,2022-01-22,58041.97,heidi.brown@example.com,-6335331059,Poor,True,Cloud Tech,California,1,2.9349760438056127,2022,1,1
EMP1174,David,Garcia,40.0,Sales-Illinois,Pending,2023-10-14,94988.94,david.garcia@example.com,-531312205,Good,False,Sales,Illinois,3,1.2101300479123889,2023,10,4
EMP1175,Eva,Miller,25.0,Admin-California,Pending,2024-04-10,71628.93,eva.miller@example.com,-8155839385,Excellent,False,Admin,California,4,0.7200547570157426,2024,4,2
EMP1176,Alice,Williams,30.0,Admin-Illinois,Pending,2022-03-31,54870.98,alice.williams@example.com,-6133155205,Good,False,Admin,Illinois,3,2.74880219028063,2022,3,1
EMP1177,Alice,Williams,25.0,DevOps-Illinois,Active,2022-02-09,79388.27,alice.williams@example.com,-5063731494,Average,True,DevOps,Illinois,2,2.8856947296372346,2022,2,1
EMP1178,Frank,Smith,35.0,DevOps-California,Pending,2023-05-06,55946.99,frank.smith@example.com,-136497188,Average,False,DevOps,California,2,1.6509240246406571,2023,5,2
EMP1179,Charlie,Williams,,Cloud Tech-Nevada,Active,2021-07-11,81017.91,charlie.williams@example.com,-2419562524,Excellent,True,Cloud Tech,Nevada,4,3.468856947296372,2021,7,3
EMP1180,Heidi,Jones,40.0,HR-New York,Pending,2020-08-21,74162.1,heidi.jones@example.com,-7150997682,Excellent,False,HR,New York,4,4.355920602327173,2020,8,3
EMP1181,Heidi,Davis,,DevOps-California,Active,2021-03-27,77668.44,heidi.davis@example.com,-8903091435,Good,True,DevOps,California,3,3.759069130732375,2021,3,1
EMP1182,Alice,Miller,30.0,HR-New York,Active,2024-04-14,67886.37,alice.miller@example.com,-3910257431,Poor,False,HR,New York,1,0.7091033538672142,2024,4,2
EMP1183,Alice,Williams,40.0,DevOps-Florida,Active,2020-09-21,76614.52,alice.williams@example.com,-6303975244,Good,True,DevOps,Florida,3,4.271047227926078,2020,9,3
EMP1184,Frank,Smith,25.0,Finance-Nevada,Active,2022-06-12,51311.91,frank.smith@example.com,-864035532,Excellent,False,Finance,Nevada,4,2.5489390828199863,2022,6,2
EMP1185,Frank,Jones,,Finance-Illinois,Inactive,2023-12-24,94809.92,frank.jones@example.com,-8033968526,Good,True,Finance,Illinois,3,1.0157426420260096,2023,12,4
EMP1186,Grace,Johnson,25.0,HR-New York,Pending,2022-07-31,108241.81,grace.johnson@example.com,-171302320,Excellent,True,HR,New York,4,2.414784394250513,2022,7,3
EMP1187,Bob,Davis,40.0,Cloud Tech-New York,Inactive,2023-04-21,78031.49,bob.davis@example.com,-2983381673,Good,True,Cloud Tech,New York,3,1.6919917864476386,2023,4,2
EMP1188,Eva,Davis,35.0,Admin-California,Active,2020-06-05,85733.83,eva.davis@example.com,-2336293448,Excellent,True,Admin,California,4,4.566735112936345,2020,6,2
EMP1189,David,Miller,35.0,HR-Nevada,Pending,2024-07-27,60338.29,david.miller@example.com,-7347156626,Excellent,False,HR,Nevada,4,0.4243668720054757,2024,7,3
EMP1190,Eva,Davis,30.0,Admin-Illinois,Active,2024-04-05,103140.67,eva.davis@example.com,-7689627065,Excellent,False,Admin,Illinois,4,0.7337440109514032,2024,4,2
EMP1191,Heidi,Williams,40.0,Sales-Illinois,Inactive,2023-10-26,114690.8,heidi.williams@example.com,-1498282466,Poor,True,Sales,Illinois,1,1.1772758384668036,2023,10,4
EMP1192,Frank,Smith,35.0,Admin-Florida,Active,2022-08-18,80954.56,frank.smith@example.com,-4746897151,Good,False,Admin,Florida,3,2.3655030800821355,2022,8,3
EMP1193,Eva,Davis,,Cloud Tech-California,Pending,2020-05-31,71728.55,eva.davis@example.com,-7323008575,Good,True,Cloud Tech,California,3,4.5804243668720055,2020,5,2
EMP1194,Alice,Davis,35.0,HR-Texas,Pending,2024-11-04,118415.8,alice.davis@example.com,-6656749159,Good,True,HR,Texas,3,0.15058179329226556,2024,11,4
EMP1195,Grace,Johnson,40.0,Sales-Illinois,Pending,2020-03-25,81481.36,grace.johnson@example.com,-1692364586,Excellent,False,Sales,Illinois,4,4.763860369609857,2020,3,1
EMP1196,David,Johnson,35.0,Sales-Florida,Pending,2020-11-04,117040.57,david.johnson@example.com,-5066337049,Good,True,Sales,Florida,3,4.1505817932922655,2020,11,4
EMP1197,Frank,Brown,25.0,Sales-Nevada,Active,2020-03-21,67342.06,frank.brown@example.com,-2497243991,Good,True,Sales,Nevada,3,4.774811772758385,2020,3,1
EMP1198,Heidi,Jones,,Sales-Illinois,Active,2022-01-15,76099.64,heidi.jones@example.com,-116691835,Excellent,False,Sales,Illinois,4,2.954140999315537,2022,1,1
EMP1199,Grace,Williams,35.0,DevOps-Illinois,Active,2024-06-04,94162.06,grace.williams@example.com,-2644886945,Average,True,DevOps,Illinois,2,0.5694729637234771,2024,6,2
EMP1200,Frank,Davis,25.0,Sales-Nevada,Inactive,2021-08-04,67639.7,frank.davis@example.com,-1195243639,Excellent,True,Sales,Nevada,4,3.403148528405202,2021,8,3
EMP1201,Charlie,Garcia,35.0,Cloud Tech-Illinois,Pending,2020-10-16,114172.25,charlie.garcia@example.com,-2701168645,Good,True,Cloud Tech,Illinois,3,4.202600958247776,2020,10,4
EMP1202,Grace,Davis,30.0,Sales-Nevada,Active,2021-09-26,89124.54,grace.davis@example.com,-2252237280,Excellent,True,Sales,Nevada,4,3.2580424366872007,2021,9,3
EMP1203,Frank,Smith,30.0,DevOps-Nevada,Pending,2023-11-04,113871.36,frank.smith@example.com,-7932302345,Average,False,DevOps,Nevada,2,1.1526351813826146,2023,11,4
EMP1204,Grace,Brown,,HR-Texas,Inactive,2021-09-24,62618.4,grace.brown@example.com,-7912141613,Excellent,False,HR,Texas,4,3.263518138261465,2021,9,3
EMP1205,Heidi,Jones,30.0,Admin-New York,Active,2020-06-07,70705.45,heidi.jones@example.com,-1509377099,Good,False,Admin,New York,3,4.561259411362081,2020,6,2
EMP1206,Alice,Garcia,35.0,Sales-New York,Pending,2022-02-10,60797.69,alice.garcia@example.com,-4090138068,Average,True,Sales,New York,2,2.8829568788501025,2022,2,1
EMP1207,Charlie,Brown,40.0,Cloud Tech-Florida,Inactive,2023-10-17,100371.0,charlie.brown@example.com,-8477596554,Poor,True,Cloud Tech,Florida,1,1.2019164955509924,2023,10,4
EMP1208,Eva,Miller,40.0,Admin-Illinois,Active,2021-09-25,117591.76,eva.miller@example.com,-5356690550,Good,False,Admin,Illinois,3,3.260780287474333,2021,9,3
EMP1209,David,Jones,35.0,DevOps-Illinois,Inactive,2022-08-03,103860.7,david.jones@example.com,-762091842,Average,True,DevOps,Illinois,2,2.406570841889117,2022,8,3
EMP1210,Grace,Davis,30.0,Admin-Illinois,Active,2024-11-22,67500.22,grace.davis@example.com,-5797863049,Average,True,Admin,Illinois,2,0.10130047912388775,2024,11,4
EMP1211,Frank,Davis,,Cloud Tech-Nevada,Pending,2024-10-09,58727.44,frank.davis@example.com,-5057397690,Poor,True,Cloud Tech,Nevada,1,0.22176591375770022,2024,10,4
EMP1212,Charlie,Jones,35.0,Finance-Illinois,Active,2024-08-28,80623.08,charlie.jones@example.com,-5671649327,Excellent,True,Finance,Illinois,4,0.33675564681724846,2024,8,3
EMP1213,David,Davis,40.0,HR-Texas,Inactive,2020-04-19,77751.78,david.davis@example.com,-9802714871,Excellent,False,HR,Texas,4,4.695414099931554,2020,4,2
EMP1214,Grace,Williams,25.0,HR-New York,Active,2021-10-14,115157.81,grace.williams@example.com,-7178333210,Good,False,HR,New York,3,3.2087611225188226,2021,10,4
EMP1215,Frank,Jones,30.0,Admin-Texas,Inactive,2024-08-26,83071.85,frank.jones@example.com,-6025643470,Poor,False,Admin,Texas,1,0.34223134839151265,2024,8,3
EMP1216,Heidi,Brown,40.0,Sales-Texas,Active,2020-02-08,67914.67,heidi.brown@example.com,-2871539914,Excellent,True,Sales,Texas,4,4.889801505817933,2020,2,1
EMP1217,Grace,Jones,25.0,HR-New York,Inactive,2020-09-06,53342.46,grace.jones@example.com,-6686334140,Poor,False,HR,New York,1,4.312114989733059,2020,9,3
EMP1218,Heidi,Garcia,25.0,Cloud Tech-Florida,Pending,2023-01-02,51150.47,heidi.garcia@example.com,-1159319524,Excellent,False,Cloud Tech,Florida,4,1.9904175222450375,2023,1,1
EMP1219,David,Davis,30.0,HR-Florida,Active,2023-06-13,74697.12,david.davis@example.com,-6904098365,Average,True,HR,Florida,2,1.5468856947296372,2023,6,2
EMP1220,Charlie,Williams,25.0,Sales-California,Active,2022-12-13,88085.74,charlie.williams@example.com,-5528993159,Excellent,True,Sales,California,4,2.0451745379876796,2022,12,4
EMP1221,Alice,Williams,40.0,Finance-Texas,Pending,2022-03-03,118672.76,alice.williams@example.com,-8752437728,Poor,False,Finance,Texas,1,2.8254620123203287,2022,3,1
EMP1222,Alice,Miller,35.0,Cloud Tech-California,Active,2024-02-10,95997.31,alice.miller@example.com,-4209548148,Average,False,Cloud Tech,California,2,0.8843258042436687,2024,2,1
EMP1223,Frank,Brown,30.0,Cloud Tech-California,Pending,2021-11-24,106945.62,frank.brown@example.com,-7374605232,Average,False,Cloud Tech,California,2,3.0965092402464065,2021,11,4
EMP1224,Heidi,Johnson,40.0,DevOps-New York,Active,2020-05-09,100123.15,heidi.johnson@example.com,-276420864,Average,False,DevOps,New York,2,4.640657084188912,2020,5,2
EMP1225,Alice,Johnson,35.0,Admin-Texas,Active,2024-12-19,52933.42,alice.johnson@example.com,-6756618442,Poor,True,Admin,Texas,1,0.02737850787132101,2024,12,4
EMP1226,Grace,Jones,,Finance-California,Active,2024-03-22,95283.03,grace.jones@example.com,-8612590471,Good,False,Finance,California,3,0.7720739219712526,2024,3,1
EMP1227,Alice,Miller,35.0,HR-Texas,Inactive,2022-06-13,112264.06,alice.miller@example.com,-9277423329,Good,False,HR,Texas,3,2.546201232032854,2022,6,2
EMP1228,Grace,Smith,35.0,Admin-Florida,Pending,2022-10-15,75714.28,grace.smith@example.com,-5912662014,Good,True,Admin,Florida,3,2.206707734428474,2022,10,4
EMP1229,Eva,Jones,25.0,DevOps-Florida,Active,2022-05-31,92171.73,eva.jones@example.com,-7201859625,Poor,False,DevOps,Florida,1,2.5817932922655715,2022,5,2
EMP1230,Eva,Miller,35.0,Cloud Tech-Texas,Inactive,2023-09-15,70694.8,eva.miller@example.com,-3013674925,Average,True,Cloud Tech,Texas,2,1.2895277207392197,2023,9,3
EMP1231,Grace,Brown,30.0,DevOps-Florida,Inactive,2022-07-04,52964.86,grace.brown@example.com,-1764750110,Good,True,DevOps,Florida,3,2.48870636550308,2022,7,3
EMP1232,Frank,Brown,,Finance-California,Pending,2024-06-08,116353.31,frank.brown@example.com,-1783099973,Poor,True,Finance,California,1,0.5585215605749486,2024,6,2
EMP1233,Grace,Brown,35.0,Sales-Nevada,Pending,2020-11-23,116695.26,grace.brown@example.com,-1926764920,Good,False,Sales,Nevada,3,4.098562628336755,2020,11,4
EMP1234,Heidi,Brown,25.0,Admin-Texas,Active,2024-05-13,95161.4,heidi.brown@example.com,-5182606887,Excellent,False,Admin,Texas,4,0.6297056810403833,2024,5,2
EMP1235,Alice,Brown,,Admin-Nevada,Inactive,2022-01-29,76040.94,alice.brown@example.com,-7189813128,Good,True,Admin,Nevada,3,2.915811088295688,2022,1,1
EMP1236,Charlie,Miller,,HR-Florida,Inactive,2023-08-23,69508.28,charlie.miller@example.com,-2087510292,Good,False,HR,Florida,3,1.352498288843258,2023,8,3
EMP1237,Alice,Miller,30.0,Finance-Illinois,Inactive,2023-02-24,58243.27,alice.miller@example.com,-2184011844,Average,False,Finance,Illinois,2,1.8453114305270362,2023,2,1
EMP1238,Heidi,Williams,30.0,Sales-California,Pending,2022-10-02,64012.48,heidi.williams@example.com,-8260340847,Poor,True,Sales,California,1,2.242299794661191,2022,10,4
EMP1239,Bob,Garcia,40.0,Admin-Nevada,Inactive,2020-06-28,106735.93,bob.garcia@example.com,-7297585987,Average,True,Admin,Nevada,2,4.503764544832307,2020,6,2
EMP1240,Frank,Johnson,35.0,DevOps-Texas,Pending,2023-01-15,70325.36,frank.johnson@example.com,-3103032431,Average,False,DevOps,Texas,2,1.9548254620123204,2023,1,1
EMP1241,Charlie,Davis,30.0,HR-Illinois,Active,2020-09-05,118959.28,charlie.davis@example.com,-9839542960,Average,True,HR,Illinois,2,4.314852840520191,2020,9,3
EMP1242,David,Brown,40.0,Cloud Tech-California,Pending,2023-03-18,75823.78,david.brown@example.com,-8446267145,Average,False,Cloud Tech,California,2,1.78507871321013,2023,3,1
EMP1243,Charlie,Smith,,Cloud Tech-Texas,Inactive,2022-03-26,119971.65,charlie.smith@example.com,-2831435988,Average,False,Cloud Tech,Texas,2,2.7624914442162902,2022,3,1
EMP1244,Grace,Davis,40.0,Sales-Texas,Active,2021-10-11,94963.7,grace.davis@example.com,-2625660930,Good,False,Sales,Texas,3,3.216974674880219,2021,10,4
EMP1245,Frank,Miller,30.0,Sales-Nevada,Pending,2021-01-07,103744.71,frank.miller@example.com,-4181861514,Average,False,Sales,Nevada,2,3.975359342915811,2021,1,1
EMP1246,Alice,Smith,25.0,Sales-New York,Inactive,2020-12-03,61337.69,alice.smith@example.com,-5423401635,Average,True,Sales,New York,2,4.071184120465435,2020,12,4
EMP1247,David,Smith,35.0,Sales-California,Active,2021-05-28,63741.13,david.smith@example.com,-1128497184,Poor,True,Sales,California,1,3.589322381930185,2021,5,2
EMP1248,Eva,Smith,30.0,DevOps-California,Pending,2022-12-28,56539.99,eva.smith@example.com,-9484910255,Excellent,True,DevOps,California,4,2.004106776180698,2022,12,4
EMP1249,Charlie,Williams,30.0,DevOps-Illinois,Pending,2023-05-24,73633.37,charlie.williams@example.com,-2588967923,Good,True,DevOps,Illinois,3,1.6016427104722792,2023,5,2
EMP1250,Alice,Miller,25.0,Cloud Tech-Texas,Pending,2024-04-28,90373.99,alice.miller@example.com,-822269404,Good,False,Cloud Tech,Texas,3,0.6707734428473648,2024,4,2
EMP1251,Grace,Smith,,DevOps-Texas,Inactive,2024-12-25,93901.48,grace.smith@example.com,-3967275783,Good,False,DevOps,Texas,3,0.010951403148528405,2024,12,4
EMP1252,Eva,Brown,40.0,Admin-Nevada,Inactive,2021-09-01,81748.09,eva.brown@example.com,-4683414650,Average,True,Admin,Nevada,2,3.326488706365503,2021,9,3
EMP1253,Charlie,Jones,40.0,Finance-Florida,Inactive,2021-02-21,73813.48,charlie.jones@example.com,-1131290147,Average,False,Finance,Florida,2,3.8521560574948666,2021,2,1
EMP1254,Frank,Smith,35.0,Finance-New York,Inactive,2022-11-20,89315.59,frank.smith@example.com,-7068277880,Average,False,Finance,New York,2,2.108145106091718,2022,11,4
EMP1255,Heidi,Williams,25.0,HR-Florida,Active,2020-10-15,56776.82,heidi.williams@example.com,-6093068537,Poor,False,HR,Florida,1,4.205338809034908,2020,10,4
EMP1256,Grace,Davis,,Finance-New York,Active,2024-07-24,72920.51,grace.davis@example.com,-9097283214,Excellent,True,Finance,New York,4,0.432580424366872,2024,7,3
EMP1257,Frank,Miller,30.0,Admin-Florida,Pending,2022-08-14,84913.18,frank.miller@example.com,-2850676250,Average,True,Admin,Florida,2,2.3764544832306638,2022,8,3
EMP1258,Alice,Garcia,25.0,Finance-Illinois,Inactive,2021-05-08,65060.11,alice.garcia@example.com,-5381447442,Excellent,True,Finance,Illinois,4,3.6440793976728267,2021,5,2
EMP1259,Alice,Williams,35.0,Finance-Illinois,Pending,2023-10-09,82941.08,alice.williams@example.com,-963480796,Poor,False,Finance,Illinois,1,1.2238193018480492,2023,10,4
EMP1260,Bob,Smith,40.0,Admin-California,Pending,2022-01-19,103469.97,bob.smith@example.com,-509754509,Good,True,Admin,California,3,2.943189596167009,2022,1,1
EMP1261,Grace,Miller,25.0,Sales-Illinois,Active,2022-01-12,88725.6,grace.miller@example.com,-5265016730,Average,True,Sales,Illinois,2,2.9623545516769334,2022,1,1
EMP1262,Heidi,Jones,,HR-Illinois,Pending,2023-06-05,58316.77,heidi.jones@example.com,-8826170242,Excellent,True,HR,Illinois,4,1.568788501026694,2023,6,2
EMP1263,Grace,Smith,35.0,HR-Illinois,Inactive,2024-03-26,60098.72,grace.smith@example.com,-7654562840,Excellent,True,HR,Illinois,4,0.7611225188227242,2024,3,1
EMP1264,Grace,Williams,,Cloud Tech-Texas,Active,2020-10-07,99951.43,grace.williams@example.com,-7722560530,Average,True,Cloud Tech,Texas,2,4.227241615331964,2020,10,4
EMP1265,Heidi,Johnson,30.0,Sales-Illinois,Active,2021-11-02,115195.81,heidi.johnson@example.com,-3402665022,Good,True,Sales,Illinois,3,3.156741957563313,2021,11,4
EMP1266,Grace,Brown,,DevOps-California,Pending,2021-11-19,85512.05,grace.brown@example.com,-7416787255,Good,False,DevOps,California,3,3.1101984941820673,2021,11,4
EMP1267,Heidi,Garcia,,HR-Florida,Active,2022-01-24,73186.77,heidi.garcia@example.com,-8621102257,Good,False,HR,Florida,3,2.9295003422313486,2022,1,1
EMP1268,Grace,Davis,,HR-Nevada,Pending,2023-07-12,51865.3,grace.davis@example.com,-305690673,Poor,True,HR,Nevada,1,1.4674880219028064,2023,7,3
EMP1269,David,Williams,25.0,Sales-Florida,Active,2022-12-09,94031.77,david.williams@example.com,-4716392822,Excellent,True,Sales,Florida,4,2.0561259411362083,2022,12,4
EMP1270,Grace,Miller,30.0,DevOps-New York,Active,2023-03-18,116374.36,grace.miller@example.com,-4143637188,Excellent,False,DevOps,New York,4,1.78507871321013,2023,3,1
EMP1271,Alice,Garcia,40.0,HR-Florida,Active,2022-04-25,98335.02,alice.garcia@example.com,-2392312603,Excellent,False,HR,Florida,4,2.6803559206023273,2022,4,2
EMP1272,Heidi,Garcia,25.0,DevOps-New York,Pending,2021-02-28,89262.07,heidi.garcia@example.com,-3260931065,Poor,True,DevOps,New York,1,3.8329911019849416,2021,2,1
EMP1273,Heidi,Garcia,,Finance-California,Active,2022-07-30,113848.69,heidi.garcia@example.com,-8433567085,Excellent,True,Finance,California,4,2.4175222450376452,2022,7,3
EMP1274,Frank,Smith,35.0,Sales-Florida,Active,2021-05-19,69530.45,frank.smith@example.com,-414545634,Poor,True,Sales,Florida,1,3.6139630390143735,2021,5,2
EMP1275,Eva,Brown,35.0,DevOps-New York,Pending,2023-12-14,84230.22,eva.brown@example.com,-200053473,Good,True,DevOps,New York,3,1.0431211498973305,2023,12,4
EMP1276,Eva,Smith,35.0,Cloud Tech-Illinois,Pending,2023-01-17,76578.59,eva.smith@example.com,-9162475540,Average,False,Cloud Tech,Illinois,2,1.949349760438056,2023,1,1
EMP1277,Frank,Miller,30.0,HR-Texas,Inactive,2024-01-02,55532.06,frank.miller@example.com,-1082555988,Excellent,True,HR,Texas,4,0.9911019849418207,2024,1,1
EMP1278,Eva,Smith,40.0,Admin-New York,Pending,2021-07-09,115311.68,eva.smith@example.com,-5343961128,Excellent,True,Admin,New York,4,3.4743326488706368,2021,7,3
EMP1279,Charlie,Johnson,25.0,Sales-Nevada,Pending,2021-05-05,66972.06,charlie.johnson@example.com,-1093371188,Good,True,Sales,Nevada,3,3.652292950034223,2021,5,2
EMP1280,David,Brown,30.0,Cloud Tech-Texas,Inactive,2021-11-07,100215.06,david.brown@example.com,-5473820235,Average,True,Cloud Tech,Texas,2,3.143052703627652,2021,11,4
EMP1281,Charlie,Brown,25.0,Sales-New York,Inactive,2023-08-30,115452.25,charlie.brown@example.com,-8485571616,Poor,False,Sales,New York,1,1.3333333333333333,2023,8,3
EMP1282,Heidi,Miller,30.0,HR-California,Inactive,2023-08-15,54141.38,heidi.miller@example.com,-6880294239,Average,False,HR,California,2,1.374401095140315,2023,8,3
EMP1283,David,Davis,,DevOps-Nevada,Active,2020-12-24,79251.95,david.davis@example.com,-9036788126,Good,False,DevOps,Nevada,3,4.01368925393566,2020,12,4
EMP1284,Alice,Johnson,40.0,Finance-New York,Pending,2024-11-21,114822.78,alice.johnson@example.com,-8686694319,Good,True,Finance,New York,3,0.10403832991101986,2024,11,4
EMP1285,Alice,Williams,35.0,Sales-Illinois,Active,2021-11-17,69919.32,alice.williams@example.com,-2939087883,Average,True,Sales,Illinois,2,3.1156741957563314,2021,11,4
EMP1286,Heidi,Smith,30.0,Sales-Florida,Inactive,2021-01-29,106616.97,heidi.smith@example.com,-4344812307,Poor,False,Sales,Florida,1,3.915126625598905,2021,1,1
EMP1287,Heidi,Jones,35.0,DevOps-New York,Active,2024-02-17,73597.85,heidi.jones@example.com,-3402424032,Poor,True,DevOps,New York,1,0.865160848733744,2024,2,1
EMP1288,David,Smith,30.0,Sales-Nevada,Inactive,2024-08-20,79939.23,david.smith@example.com,-8105955183,Excellent,True,Sales,Nevada,4,0.3586584531143053,2024,8,3
EMP1289,Grace,Garcia,25.0,Admin-New York,Inactive,2021-10-24,,grace.garcia@example.com,-2694500533,Poor,False,Admin,New York,1,3.1813826146475015,2021,10,4
EMP1290,Grace,Smith,30.0,Finance-California,Inactive,2021-09-10,90772.25,grace.smith@example.com,-2408916497,Average,False,Finance,California,2,3.3018480492813143,2021,9,3
EMP1291,Eva,Williams,35.0,DevOps-New York,Active,2023-09-29,58275.74,eva.williams@example.com,-3735439626,Good,False,DevOps,New York,3,1.2511978097193703,2023,9,3
EMP1292,Grace,Smith,,DevOps-California,Pending,2020-08-28,94709.79,grace.smith@example.com,-3652717271,Excellent,False,DevOps,California,4,4.336755646817249,2020,8,3
EMP1293,Frank,Johnson,,Admin-New York,Active,2022-09-06,60722.99,frank.johnson@example.com,-2397240421,Excellent,True,Admin,New York,4,2.3134839151266258,2022,9,3
EMP1294,Frank,Johnson,40.0,DevOps-Illinois,Inactive,2024-03-31,87626.24,frank.johnson@example.com,-6931216375,Good,True,DevOps,Illinois,3,0.7474332648870636,2024,3,1
EMP1295,David,Brown,30.0,DevOps-Illinois,Active,2022-12-12,81272.36,david.brown@example.com,-1820916600,Poor,False,DevOps,Illinois,1,2.0479123887748116,2022,12,4
EMP1296,Bob,Miller,,Cloud Tech-Texas,Pending,2022-11-01,64150.97,bob.miller@example.com,-23142899,Good,True,Cloud Tech,Texas,3,2.1601642710472277,2022,11,4
EMP1297,Charlie,Davis,35.0,Sales-Florida,Active,2023-10-25,64378.1,charlie.davis@example.com,-1851327971,Poor,False,Sales,Florida,1,1.1800136892539357,2023,10,4
EMP1298,Bob,Jones,,Finance-Texas,Inactive,2020-09-27,85927.35,bob.jones@example.com,-4572308480,Good,False,Finance,Texas,3,4.254620123203286,2020,9,3
EMP1299,Alice,Garcia,,Finance-Nevada,Inactive,2024-01-21,51523.93,alice.garcia@example.com,-18418619,Average,True,Finance,Nevada,2,0.9390828199863107,2024,1,1
EMP1300,Alice,Smith,30.0,Sales-Texas,Active,2022-05-17,74117.02,alice.smith@example.com,-3036625435,Poor,False,Sales,Texas,1,2.620123203285421,2022,5,2
EMP1301,Alice,Smith,25.0,Finance-Texas,Inactive,2022-04-17,62598.69,alice.smith@example.com,-1721314518,Average,True,Finance,Texas,2,2.702258726899384,2022,4,2
EMP1302,Grace,Williams,35.0,Finance-Florida,Inactive,2022-02-08,55617.5,grace.williams@example.com,-5151092267,Excellent,True,Finance,Florida,4,2.8884325804243667,2022,2,1
EMP1303,Charlie,Miller,35.0,Cloud Tech-New York,Pending,2022-03-15,87018.98,charlie.miller@example.com,-5926249450,Good,True,Cloud Tech,New York,3,2.7926078028747434,2022,3,1
EMP1304,David,Johnson,25.0,Cloud Tech-California,Inactive,2023-10-11,100336.58,david.johnson@example.com,-4754102251,Excellent,True,Cloud Tech,California,4,1.218343600273785,2023,10,4
EMP1305,Grace,Jones,30.0,Admin-Florida,Inactive,2020-11-13,69295.48,grace.jones@example.com,-6771196420,Excellent,False,Admin,Florida,4,4.125941136208077,2020,11,4
EMP1306,Bob,Brown,25.0,DevOps-Florida,Pending,2024-04-17,115536.66,bob.brown@example.com,-5226557675,Excellent,True,DevOps,Florida,4,0.7008898015058179,2024,4,2
EMP1307,David,Johnson,30.0,Cloud Tech-Texas,Pending,2020-03-09,81250.87,david.johnson@example.com,-9523668787,Excellent,False,Cloud Tech,Texas,4,4.80766598220397,2020,3,1
EMP1308,Alice,Garcia,30.0,DevOps-Texas,Inactive,2022-06-17,66403.75,alice.garcia@example.com,-7883619688,Good,False,DevOps,Texas,3,2.535249828884326,2022,6,2
EMP1309,Alice,Miller,30.0,Sales-California,Active,2024-07-28,114147.79,alice.miller@example.com,-3135030586,Excellent,False,Sales,California,4,0.4216290212183436,2024,7,3
EMP1310,Frank,Garcia,30.0,HR-New York,Pending,2022-12-03,65472.99,frank.garcia@example.com,-2105524727,Good,False,HR,New York,3,2.0725530458590007,2022,12,4
EMP1311,Alice,Davis,,Sales-Nevada,Active,2023-07-06,97512.51,alice.davis@example.com,-6333021259,Good,True,Sales,Nevada,3,1.483915126625599,2023,7,3
EMP1312,Alice,Brown,35.0,DevOps-Nevada,Inactive,2024-05-28,86712.41,alice.brown@example.com,-6501917919,Average,True,DevOps,Nevada,2,0.5886379192334018,2024,5,2
EMP1313,Grace,Davis,30.0,HR-Florida,Active,2024-03-25,87654.98,grace.davis@example.com,-2521310961,Poor,False,HR,Florida,1,0.7638603696098563,2024,3,1
EMP1314,David,Williams,35.0,DevOps-New York,Inactive,2020-04-28,89367.02,david.williams@example.com,-2728476569,Poor,False,DevOps,New York,1,4.670773442847365,2020,4,2
EMP1315,Charlie,Garcia,40.0,Admin-California,Active,2021-11-07,95269.41,charlie.garcia@example.com,-4120092819,Good,True,Admin,California,3,3.143052703627652,2021,11,4
EMP1316,Frank,Williams,25.0,Sales-Nevada,Active,2020-04-15,68792.31,frank.williams@example.com,-6678498435,Average,False,Sales,Nevada,2,4.706365503080082,2020,4,2
EMP1317,Alice,Smith,25.0,Admin-Illinois,Pending,2023-10-07,89119.53,alice.smith@example.com,-2418623689,Good,True,Admin,Illinois,3,1.2292950034223136,2023,10,4
EMP1318,Frank,Davis,35.0,Cloud Tech-New York,Active,2024-02-27,58212.13,frank.davis@example.com,-3628917755,Good,False,Cloud Tech,New York,3,0.837782340862423,2024,2,1
EMP1319,Heidi,Miller,30.0,DevOps-Illinois,Pending,2021-02-22,77764.24,heidi.miller@example.com,-6205634110,Good,True,DevOps,Illinois,3,3.8494182067077345,2021,2,1
EMP1320,Frank,Garcia,35.0,Finance-Florida,Pending,2023-08-21,75148.17,frank.garcia@example.com,-5950342810,Average,False,Finance,Florida,2,1.3579739904175223,2023,8,3
EMP1321,Heidi,Jones,40.0,Cloud Tech-Nevada,Inactive,2024-04-08,108781.18,heidi.jones@example.com,-3904383033,Poor,False,Cloud Tech,Nevada,1,0.7255304585900069,2024,4,2
EMP1322,Frank,Brown,35.0,Finance-Texas,Pending,2024-11-04,65489.19,frank.brown@example.com,-1990970050,Average,True,Finance,Texas,2,0.15058179329226556,2024,11,4
EMP1323,Eva,Johnson,,Sales-Illinois,Pending,2022-05-05,70663.46,eva.johnson@example.com,-4054683564,Excellent,False,Sales,Illinois,4,2.652977412731006,2022,5,2
EMP1324,David,Miller,40.0,Sales-New York,Inactive,2023-02-01,95822.56,david.miller@example.com,-2156818208,Average,False,Sales,New York,2,1.9082819986310746,2023,2,1
EMP1325,Eva,Miller,40.0,DevOps-Nevada,Pending,2022-10-01,82258.03,eva.miller@example.com,-6790422710,Average,True,DevOps,Nevada,2,2.245037645448323,2022,10,4
EMP1326,Frank,Williams,30.0,Admin-Nevada,Pending,2022-09-27,62883.34,frank.williams@example.com,-3322889856,Average,False,Admin,Nevada,2,2.2559890485968515,2022,9,3
EMP1327,Alice,Davis,,Cloud Tech-Texas,Pending,2020-04-09,103503.72,alice.davis@example.com,-2545960632,Average,True,Cloud Tech,Texas,2,4.722792607802875,2020,4,2
EMP1328,David,Garcia,25.0,DevOps-New York,Active,2021-03-23,85401.3,david.garcia@example.com,-9912971023,Poor,True,DevOps,New York,1,3.7700205338809036,2021,3,1
EMP1329,Heidi,Garcia,40.0,Cloud Tech-Texas,Pending,2023-02-03,,heidi.garcia@example.com,-8171752420,Excellent,False,Cloud Tech,Texas,4,1.9028062970568105,2023,2,1
EMP1330,Eva,Smith,,HR-Texas,Pending,2024-07-23,98850.14,eva.smith@example.com,-4955112746,Poor,False,HR,Texas,1,0.4353182751540041,2024,7,3
EMP1331,Charlie,Smith,25.0,Cloud Tech-Illinois,Active,2021-05-08,63435.24,charlie.smith@example.com,-4721970545,Poor,False,Cloud Tech,Illinois,1,3.6440793976728267,2021,5,2
EMP1332,Frank,Brown,35.0,Finance-Texas,Inactive,2022-04-11,82129.84,frank.brown@example.com,-6927589550,Average,False,Finance,Texas,2,2.7186858316221767,2022,4,2
EMP1333,David,Williams,35.0,DevOps-Texas,Pending,2024-10-23,95492.61,david.williams@example.com,-6874090379,Good,False,DevOps,Texas,3,0.1834360027378508,2024,10,4
EMP1334,Grace,Miller,40.0,Finance-Illinois,Inactive,2020-04-24,94572.37,grace.miller@example.com,-2146296135,Good,False,Finance,Illinois,3,4.681724845995893,2020,4,2
EMP1335,Bob,Garcia,40.0,Finance-Nevada,Inactive,2023-03-04,118413.05,bob.garcia@example.com,-7157787111,Poor,False,Finance,Nevada,1,1.8234086242299794,2023,3,1
EMP1336,Alice,Jones,30.0,Admin-Nevada,Pending,2022-08-31,68976.65,alice.jones@example.com,-1663651558,Poor,True,Admin,Nevada,1,2.329911019849418,2022,8,3
EMP1337,Eva,Williams,,Sales-Nevada,Active,2021-01-02,115013.65,eva.williams@example.com,-7371470826,Average,False,Sales,Nevada,2,3.9890485968514717,2021,1,1
EMP1338,David,Brown,,Admin-Nevada,Inactive,2020-06-06,70949.38,david.brown@example.com,-2359096055,Poor,True,Admin,Nevada,1,4.563997262149213,2020,6,2
EMP1339,Grace,Brown,,HR-Florida,Pending,2020-10-13,105334.87,grace.brown@example.com,-7303064420,Average,False,HR,Florida,2,4.210814510609172,2020,10,4
EMP1340,Bob,Williams,,DevOps-California,Active,2020-07-19,80596.18,bob.williams@example.com,-2146147682,Good,False,DevOps,California,3,4.446269678302532,2020,7,3
EMP1341,Frank,Brown,,Sales-Illinois,Inactive,2024-05-03,72846.37,frank.brown@example.com,-4201654234,Good,True,Sales,Illinois,3,0.6570841889117043,2024,5,2
EMP1342,Heidi,Williams,40.0,Admin-California,Pending,2022-02-07,80229.36,heidi.williams@example.com,-6778265959,Excellent,False,Admin,California,4,2.891170431211499,2022,2,1
EMP1343,Grace,Johnson,25.0,Sales-California,Active,2023-12-31,55145.47,grace.johnson@example.com,-8931992549,Good,False,Sales,California,3,0.9965776865160849,2023,12,4
EMP1344,Grace,Williams,30.0,DevOps-Florida,Inactive,2022-01-08,,grace.williams@example.com,-2727516479,Poor,True,DevOps,Florida,1,2.973305954825462,2022,1,1
EMP1345,Eva,Davis,40.0,HR-California,Active,2020-09-28,56110.81,eva.davis@example.com,-7279103367,Good,False,HR,California,3,4.251882272416153,2020,9,3
EMP1346,Grace,Williams,25.0,Cloud Tech-Texas,Inactive,2023-02-09,56514.5,grace.williams@example.com,-2963533904,Average,False,Cloud Tech,Texas,2,1.8863791923340179,2023,2,1
EMP1347,Frank,Brown,40.0,Cloud Tech-California,Inactive,2022-03-05,104541.84,frank.brown@example.com,-5044817765,Good,False,Cloud Tech,California,3,2.8199863107460645,2022,3,1
EMP1348,David,Garcia,,Sales-New York,Pending,2022-02-18,61865.12,david.garcia@example.com,-5586851275,Excellent,True,Sales,New York,4,2.861054072553046,2022,2,1
EMP1349,Eva,Davis,40.0,Admin-Texas,Active,2022-06-09,69317.33,eva.davis@example.com,-5289286645,Good,False,Admin,Texas,3,2.5571526351813825,2022,6,2
EMP1350,Bob,Brown,35.0,HR-New York,Pending,2023-07-04,84706.17,bob.brown@example.com,-4911110960,Average,False,HR,New York,2,1.4893908281998631,2023,7,3
EMP1351,Heidi,Smith,25.0,Admin-California,Active,2022-03-21,73255.21,heidi.smith@example.com,-7981789045,Average,False,Admin,California,2,2.7761806981519506,2022,3,1
EMP1352,Frank,Smith,40.0,HR-Florida,Pending,2023-05-02,59528.71,frank.smith@example.com,-3378613714,Poor,False,HR,Florida,1,1.6618754277891854,2023,5,2
EMP1353,David,Garcia,40.0,HR-New York,Inactive,2021-10-15,70401.37,david.garcia@example.com,-7660538443,Good,True,HR,New York,3,3.2060232717316905,2021,10,4
EMP1354,Heidi,Garcia,,Admin-California,Inactive,2021-07-28,107154.62,heidi.garcia@example.com,-4630600024,Average,True,Admin,California,2,3.4223134839151266,2021,7,3
EMP1355,Bob,Davis,,Admin-Illinois,Pending,2021-01-03,97719.88,bob.davis@example.com,-8955296385,Excellent,False,Admin,Illinois,4,3.9863107460643397,2021,1,1
EMP1356,Heidi,Johnson,30.0,Finance-California,Pending,2020-05-21,107327.59,heidi.johnson@example.com,-3960962625,Poor,False,Finance,California,1,4.607802874743326,2020,5,2
EMP1357,Grace,Garcia,40.0,Admin-Nevada,Inactive,2021-05-10,67687.72,grace.garcia@example.com,-5826312818,Excellent,True,Admin,Nevada,4,3.6386036960985626,2021,5,2
EMP1358,Grace,Smith,40.0,Cloud Tech-Florida,Pending,2022-09-08,90757.08,grace.smith@example.com,-6482531105,Good,True,Cloud Tech,Florida,3,2.308008213552361,2022,9,3
EMP1359,Grace,Williams,,Cloud Tech-California,Pending,2024-07-21,87583.42,grace.williams@example.com,-920981959,Good,False,Cloud Tech,California,3,0.4407939767282683,2024,7,3
EMP1360,Bob,Brown,25.0,Admin-Nevada,Pending,2021-12-28,61643.69,bob.brown@example.com,-2752334382,Good,True,Admin,Nevada,3,3.0034223134839153,2021,12,4
EMP1361,Grace,Smith,35.0,Finance-Texas,Active,2020-07-20,68111.69,grace.smith@example.com,-6404120910,Poor,False,Finance,Texas,1,4.4435318275154,2020,7,3
EMP1362,David,Smith,40.0,HR-Florida,Inactive,2024-04-30,97568.88,david.smith@example.com,-7911244210,Average,True,HR,Florida,2,0.6652977412731006,2024,4,2
EMP1363,Charlie,Johnson,35.0,Cloud Tech-Florida,Active,2021-08-28,79118.28,charlie.johnson@example.com,-7536170616,Poor,True,Cloud Tech,Florida,1,3.3374401095140316,2021,8,3
EMP1364,Bob,Davis,30.0,HR-California,Inactive,2022-07-21,104898.9,bob.davis@example.com,-1366572239,Excellent,True,HR,California,4,2.4421629021218343,2022,7,3
EMP1365,Frank,Davis,40.0,Cloud Tech-Florida,Pending,2023-11-27,81671.3,frank.davis@example.com,-2990155798,Poor,True,Cloud Tech,Florida,1,1.0896646132785763,2023,11,4
EMP1366,Alice,Miller,25.0,Cloud Tech-California,Pending,2020-08-11,97399.75,alice.miller@example.com,-8028413907,Excellent,False,Cloud Tech,California,4,4.383299110198494,2020,8,3
EMP1367,David,Johnson,,Admin-Illinois,Active,2021-11-08,89189.43,david.johnson@example.com,-882351304,Poor,True,Admin,Illinois,1,3.14031485284052,2021,11,4
EMP1368,David,Williams,40.0,DevOps-New York,Active,2023-08-04,96011.55,david.williams@example.com,-2312447314,Average,True,DevOps,New York,2,1.404517453798768,2023,8,3
EMP1369,David,Davis,40.0,Sales-Florida,Inactive,2020-01-10,99331.49,david.davis@example.com,-8477686341,Excellent,False,Sales,Florida,4,4.969199178644764,2020,1,1
EMP1370,Bob,Brown,,Cloud Tech-Illinois,Active,2022-01-19,72818.94,bob.brown@example.com,-3461994236,Good,True,Cloud Tech,Illinois,3,2.943189596167009,2022,1,1
EMP1371,Eva,Garcia,40.0,Sales-Nevada,Inactive,2023-05-07,77204.75,eva.garcia@example.com,-6769459195,Good,True,Sales,Nevada,3,1.648186173853525,2023,5,2
EMP1372,Bob,Johnson,35.0,HR-Florida,Pending,2020-12-19,106961.68,bob.johnson@example.com,-6395517207,Poor,False,HR,Florida,1,4.027378507871321,2020,12,4
EMP1373,Eva,Garcia,,Sales-Texas,Pending,2020-10-01,71923.0,eva.garcia@example.com,-4964985600,Good,True,Sales,Texas,3,4.243668720054757,2020,10,4
EMP1374,Bob,Smith,30.0,HR-Nevada,Active,2022-11-12,77192.43,bob.smith@example.com,-2562531354,Excellent,False,HR,Nevada,4,2.130047912388775,2022,11,4
EMP1375,Grace,Brown,40.0,Admin-Florida,Pending,2023-01-05,98540.3,grace.brown@example.com,-2510505378,Good,False,Admin,Florida,3,1.9822039698836413,2023,1,1
EMP1376,Charlie,Brown,,Admin-Florida,Inactive,2020-10-14,63096.9,charlie.brown@example.com,-5381649382,Average,False,Admin,Florida,2,4.20807665982204,2020,10,4
EMP1377,Alice,Smith,35.0,Cloud Tech-Florida,Active,2021-02-03,107065.12,alice.smith@example.com,-1849196654,Average,False,Cloud Tech,Florida,2,3.9014373716632442,2021,2,1
EMP1378,Heidi,Johnson,40.0,DevOps-Florida,Inactive,2023-12-25,108792.43,heidi.johnson@example.com,-3307704610,Poor,True,DevOps,Florida,1,1.0130047912388775,2023,12,4
EMP1379,Bob,Smith,,Cloud Tech-New York,Inactive,2020-03-07,69239.7,bob.smith@example.com,-7295963903,Excellent,False,Cloud Tech,New York,4,4.813141683778234,2020,3,1
EMP1380,Charlie,Garcia,40.0,Sales-Nevada,Inactive,2023-01-30,85756.42,charlie.garcia@example.com,-907426087,Average,True,Sales,Nevada,2,1.9137577002053388,2023,1,1
EMP1381,Eva,Miller,,HR-Illinois,Active,2024-04-05,100328.62,eva.miller@example.com,-501716444,Average,True,HR,Illinois,2,0.7337440109514032,2024,4,2
EMP1382,Grace,Brown,25.0,DevOps-Nevada,Active,2021-09-01,111236.69,grace.brown@example.com,-5618579063,Excellent,True,DevOps,Nevada,4,3.326488706365503,2021,9,3
EMP1383,Eva,Jones,35.0,Cloud Tech-Florida,Active,2024-05-07,106832.22,eva.jones@example.com,-7715910299,Good,True,Cloud Tech,Florida,3,0.6461327857631759,2024,5,2
EMP1384,Frank,Jones,,DevOps-Florida,Active,2023-06-15,59746.45,frank.jones@example.com,-2156321357,Good,True,DevOps,Florida,3,1.541409993155373,2023,6,2
EMP1385,David,Garcia,25.0,Sales-California,Pending,2021-07-29,91780.04,david.garcia@example.com,-40104144,Poor,True,Sales,California,1,3.4195756331279945,2021,7,3
EMP1386,Eva,Williams,35.0,Sales-California,Pending,2023-10-23,107062.66,eva.williams@example.com,-9642297124,Good,True,Sales,California,3,1.1854893908281998,2023,10,4
EMP1387,Grace,Davis,25.0,HR-Nevada,Active,2023-12-07,110625.52,grace.davis@example.com,-2967188396,Excellent,True,HR,Nevada,4,1.0622861054072552,2023,12,4
EMP1388,Frank,Smith,30.0,DevOps-Florida,Inactive,2020-10-18,90419.79,frank.smith@example.com,-7457314414,Average,True,DevOps,Florida,2,4.1971252566735116,2020,10,4
EMP1389,Grace,Smith,40.0,Finance-Texas,Pending,2024-06-15,111608.76,grace.smith@example.com,-8331170302,Good,True,Finance,Texas,3,0.5393566050650239,2024,6,2
EMP1390,Eva,Williams,35.0,Finance-Florida,Inactive,2023-04-06,50173.12,eva.williams@example.com,-7637153987,Poor,False,Finance,Florida,1,1.73305954825462,2023,4,2
EMP1391,Bob,Williams,40.0,DevOps-Nevada,Pending,2022-01-03,109507.44,bob.williams@example.com,-5472812355,Good,False,DevOps,Nevada,3,2.9869952087611225,2022,1,1
EMP1392,Grace,Garcia,30.0,Finance-New York,Inactive,2021-07-03,72600.56,grace.garcia@example.com,-7983631461,Excellent,False,Finance,New York,4,3.490759753593429,2021,7,3
EMP1393,Charlie,Garcia,,Finance-California,Pending,2024-04-10,53388.65,charlie.garcia@example.com,-4912711306,Poor,True,Finance,California,1,0.7200547570157426,2024,4,2
EMP1394,Heidi,Williams,25.0,Cloud Tech-New York,Inactive,2022-07-23,50047.32,heidi.williams@example.com,-2407875417,Good,False,Cloud Tech,New York,3,2.43668720054757,2022,7,3
EMP1395,David,Brown,30.0,DevOps-California,Active,2024-11-25,115290.79,david.brown@example.com,-1563268684,Poor,False,DevOps,California,1,0.09308692676249145,2024,11,4
EMP1396,Frank,Garcia,35.0,Cloud Tech-California,Pending,2023-08-21,61586.76,frank.garcia@example.com,-745106633,Excellent,False,Cloud Tech,California,4,1.3579739904175223,2023,8,3
EMP1397,Eva,Miller,30.0,Finance-Nevada,Active,2023-12-12,56662.86,eva.miller@example.com,-3629489785,Average,True,Finance,Nevada,2,1.0485968514715949,2023,12,4
EMP1398,Bob,Garcia,30.0,Sales-New York,Pending,2023-10-24,,bob.garcia@example.com,-1031310093,Excellent,True,Sales,New York,4,1.1827515400410678,2023,10,4
EMP1399,Frank,Smith,25.0,Finance-Nevada,Active,2022-09-05,54957.98,frank.smith@example.com,-3181439665,Excellent,True,Finance,Nevada,4,2.316221765913758,2022,9,3
EMP1400,Bob,Garcia,25.0,HR-California,Inactive,2020-10-07,76790.47,bob.garcia@example.com,-1347323548,Excellent,True,HR,California,4,4.227241615331964,2020,10,4
EMP1401,Charlie,Brown,30.0,Cloud Tech-Illinois,Pending,2020-01-18,92722.35,charlie.brown@example.com,-4012897431,Excellent,False,Cloud Tech,Illinois,4,4.947296372347707,2020,1,1
EMP1402,Frank,Williams,30.0,DevOps-Nevada,Active,2022-04-23,93125.32,frank.williams@example.com,-5122572075,Average,False,DevOps,Nevada,2,2.6858316221765914,2022,4,2
EMP1403,David,Smith,25.0,Cloud Tech-New York,Active,2023-04-22,101100.64,david.smith@example.com,-5024120956,Average,False,Cloud Tech,New York,2,1.6892539356605065,2023,4,2
EMP1404,Grace,Garcia,35.0,Admin-New York,Inactive,2023-08-13,55897.41,grace.garcia@example.com,-9073710093,Poor,False,Admin,New York,1,1.379876796714579,2023,8,3
EMP1405,Eva,Brown,25.0,DevOps-California,Active,2022-11-26,92484.88,eva.brown@example.com,-3882211456,Good,True,DevOps,California,3,2.0917180013689256,2022,11,4
EMP1406,Grace,Miller,35.0,DevOps-Texas,Active,2022-10-10,77011.99,grace.miller@example.com,-7584745704,Average,True,DevOps,Texas,2,2.220396988364134,2022,10,4
EMP1407,Bob,Garcia,,Cloud Tech-California,Inactive,2020-09-27,77078.68,bob.garcia@example.com,-4589714801,Average,True,Cloud Tech,California,2,4.254620123203286,2020,9,3
EMP1408,Grace,Brown,35.0,Sales-Nevada,Active,2024-04-11,82971.02,grace.brown@example.com,-6325703964,Good,False,Sales,Nevada,3,0.7173169062286106,2024,4,2
EMP1409,Bob,Miller,25.0,Sales-Texas,Active,2021-06-20,65102.01,bob.miller@example.com,-3136148781,Average,True,Sales,Texas,2,3.5263518138261465,2021,6,2
EMP1410,Grace,Williams,,HR-Nevada,Pending,2022-10-23,103697.7,grace.williams@example.com,-4556964429,Excellent,True,HR,Nevada,4,2.184804928131417,2022,10,4
EMP1411,Grace,Garcia,25.0,DevOps-Illinois,Pending,2023-06-15,60687.63,grace.garcia@example.com,-9859167953,Excellent,False,DevOps,Illinois,4,1.541409993155373,2023,6,2
EMP1412,Bob,Miller,,Admin-New York,Pending,2021-10-31,77351.21,bob.miller@example.com,-1072728497,Good,False,Admin,New York,3,3.162217659137577,2021,10,4
EMP1413,Bob,Smith,35.0,DevOps-Florida,Pending,2024-09-29,66704.62,bob.smith@example.com,-2474140702,Poor,True,DevOps,Florida,1,0.24914442162902123,2024,9,3
EMP1414,Grace,Williams,25.0,Finance-Illinois,Pending,2020-04-22,71650.3,grace.williams@example.com,-4910740649,Poor,True,Finance,Illinois,1,4.687200547570157,2020,4,2
EMP1415,Charlie,Smith,25.0,Cloud Tech-Nevada,Active,2023-12-07,50794.54,charlie.smith@example.com,-425488213,Good,True,Cloud Tech,Nevada,3,1.0622861054072552,2023,12,4
EMP1416,Frank,Jones,,Sales-Nevada,Inactive,2020-12-07,76030.86,frank.jones@example.com,-2369143074,Good,True,Sales,Nevada,3,4.060232717316906,2020,12,4
EMP1417,Eva,Johnson,25.0,Cloud Tech-California,Inactive,2021-07-11,86669.79,eva.johnson@example.com,-3666144941,Excellent,True,Cloud Tech,California,4,3.468856947296372,2021,7,3
EMP1418,Bob,Garcia,40.0,Finance-Illinois,Inactive,2020-04-23,84972.7,bob.garcia@example.com,-9659234267,Poor,True,Finance,Illinois,1,4.684462696783025,2020,4,2
EMP1419,Frank,Miller,30.0,HR-Texas,Pending,2023-10-12,100594.49,frank.miller@example.com,-3441497825,Average,False,HR,Texas,2,1.215605749486653,2023,10,4
EMP1420,Alice,Johnson,25.0,Cloud Tech-New York,Active,2022-08-24,75478.35,alice.johnson@example.com,-6128758574,Excellent,False,Cloud Tech,New York,4,2.349075975359343,2022,8,3
EMP1421,Charlie,Johnson,25.0,Sales-Nevada,Pending,2023-09-04,79355.85,charlie.johnson@example.com,-6766708060,Good,False,Sales,Nevada,3,1.319644079397673,2023,9,3
EMP1422,Grace,Miller,35.0,HR-Texas,Pending,2022-02-02,58358.07,grace.miller@example.com,-2943985297,Poor,True,HR,Texas,1,2.9048596851471595,2022,2,1
EMP1423,Alice,Williams,30.0,Admin-Illinois,Active,2022-04-01,54824.85,alice.williams@example.com,-9406260786,Average,False,Admin,Illinois,2,2.746064339493498,2022,4,2
EMP1424,Eva,Garcia,35.0,HR-Texas,Pending,2022-07-24,50557.84,eva.garcia@example.com,-104159148,Average,True,HR,Texas,2,2.433949349760438,2022,7,3
EMP1425,Eva,Jones,,Admin-Florida,Inactive,2023-04-26,118030.04,eva.jones@example.com,-7501980381,Excellent,True,Admin,Florida,4,1.678302532511978,2023,4,2
EMP1426,David,Smith,,Admin-New York,Active,2022-04-19,51673.72,david.smith@example.com,-8723244078,Poor,False,Admin,New York,1,2.6967830253251197,2022,4,2
EMP1427,Alice,Brown,35.0,Cloud Tech-Nevada,Inactive,2024-10-04,101665.79,alice.brown@example.com,-3110291812,Poor,True,Cloud Tech,Nevada,1,0.23545516769336072,2024,10,4
EMP1428,David,Smith,,Admin-Florida,Inactive,2020-05-02,118079.15,david.smith@example.com,-3170876013,Good,True,Admin,Florida,3,4.659822039698836,2020,5,2
EMP1429,Eva,Brown,25.0,Cloud Tech-New York,Pending,2022-04-25,99059.28,eva.brown@example.com,-6723849790,Poor,False,Cloud Tech,New York,1,2.6803559206023273,2022,4,2
EMP1430,Bob,Smith,,Cloud Tech-Illinois,Active,2023-07-29,107397.4,bob.smith@example.com,-6202232882,Poor,False,Cloud Tech,Illinois,1,1.4209445585215605,2023,7,3
EMP1431,Alice,Miller,40.0,DevOps-New York,Active,2021-08-20,68269.37,alice.miller@example.com,-7744197545,Excellent,False,DevOps,New York,4,3.359342915811088,2021,8,3
EMP1432,Grace,Jones,35.0,HR-Florida,Inactive,2021-04-23,55228.12,grace.jones@example.com,-6176620470,Poor,True,HR,Florida,1,3.685147159479808,2021,4,2
EMP1433,Bob,Garcia,30.0,Cloud Tech-New York,Inactive,2022-08-12,71982.33,bob.garcia@example.com,-9609409704,Average,False,Cloud Tech,New York,2,2.3819301848049284,2022,8,3
EMP1434,Frank,Brown,30.0,Finance-California,Inactive,2021-06-26,109673.75,frank.brown@example.com,-2774025882,Excellent,False,Finance,California,4,3.509924709103354,2021,6,2
EMP1435,Eva,Garcia,,Cloud Tech-New York,Inactive,2020-10-30,56384.9,eva.garcia@example.com,-5868122594,Excellent,True,Cloud Tech,New York,4,4.164271047227926,2020,10,4
EMP1436,Frank,Garcia,40.0,Sales-Texas,Pending,2021-09-04,68211.68,frank.garcia@example.com,-7244617678,Good,False,Sales,Texas,3,3.3182751540041067,2021,9,3
EMP1437,Alice,Garcia,40.0,Finance-Illinois,Pending,2023-01-31,67489.68,alice.garcia@example.com,-2988425994,Poor,False,Finance,Illinois,1,1.9110198494182067,2023,1,1
EMP1438,Charlie,Davis,25.0,Cloud Tech-Texas,Active,2020-09-24,63869.31,charlie.davis@example.com,-9961002310,Good,False,Cloud Tech,Texas,3,4.262833675564682,2020,9,3
EMP1439,Bob,Williams,,Sales-California,Active,2020-02-14,119801.3,bob.williams@example.com,-7753312660,Average,True,Sales,California,2,4.87337440109514,2020,2,1
EMP1440,Heidi,Smith,30.0,Cloud Tech-California,Active,2020-03-28,115959.65,heidi.smith@example.com,-941017589,Excellent,True,Cloud Tech,California,4,4.75564681724846,2020,3,1
EMP1441,Grace,Garcia,40.0,Finance-Texas,Inactive,2023-10-31,79866.48,grace.garcia@example.com,-2517629832,Excellent,True,Finance,Texas,4,1.163586584531143,2023,10,4
EMP1442,Charlie,Smith,35.0,HR-Florida,Active,2020-03-11,92987.46,charlie.smith@example.com,-4774332682,Excellent,True,HR,Florida,4,4.802190280629706,2020,3,1
EMP1443,Eva,Garcia,40.0,Finance-Illinois,Inactive,2020-05-04,56140.51,eva.garcia@example.com,-1901302055,Average,False,Finance,Illinois,2,4.654346338124572,2020,5,2
EMP1444,Grace,Brown,30.0,DevOps-Illinois,Active,2023-07-15,119586.11,grace.brown@example.com,-9815287338,Average,True,DevOps,Illinois,2,1.45927446954141,2023,7,3
EMP1445,Alice,Williams,40.0,DevOps-California,Inactive,2023-01-20,104700.46,alice.williams@example.com,-7855982175,Good,True,DevOps,California,3,1.9411362080766599,2023,1,1
EMP1446,Frank,Williams,40.0,HR-New York,Active,2021-10-15,91798.14,frank.williams@example.com,-6191284116,Good,False,HR,New York,3,3.2060232717316905,2021,10,4
EMP1447,Eva,Miller,25.0,Finance-Illinois,Inactive,2024-04-19,90879.22,eva.miller@example.com,-3098503445,Good,False,Finance,Illinois,3,0.6954140999315537,2024,4,2
EMP1448,Charlie,Davis,25.0,Admin-Nevada,Active,2021-06-29,87358.27,charlie.davis@example.com,-5124189388,Poor,False,Admin,Nevada,1,3.5017111567419574,2021,6,2
EMP1449,Alice,Miller,30.0,Sales-Florida,Inactive,2024-09-14,119407.93,alice.miller@example.com,-8469081973,Excellent,True,Sales,Florida,4,0.29021218343600275,2024,9,3
EMP1450,David,Miller,,HR-Nevada,Pending,2022-01-04,113978.6,david.miller@example.com,-56435022,Excellent,True,HR,Nevada,4,2.9842573579739904,2022,1,1
EMP1451,Frank,Miller,,Sales-New York,Pending,2021-01-20,108568.78,frank.miller@example.com,-8503719904,Good,True,Sales,New York,3,3.9397672826830936,2021,1,1
EMP1452,Heidi,Miller,,HR-New York,Inactive,2020-03-18,56318.02,heidi.miller@example.com,-1699187239,Excellent,False,HR,New York,4,4.783025325119781,2020,3,1
EMP1453,David,Miller,25.0,Sales-Florida,Active,2021-11-10,114252.73,david.miller@example.com,-1078356742,Good,False,Sales,Florida,3,3.134839151266256,2021,11,4
EMP1454,Charlie,Jones,35.0,DevOps-New York,Inactive,2020-05-01,51533.9,charlie.jones@example.com,-3896086,Poor,True,DevOps,New York,1,4.662559890485968,2020,5,2
EMP1455,Charlie,Williams,25.0,Sales-California,Active,2022-02-04,99317.66,charlie.williams@example.com,-662668216,Poor,False,Sales,California,1,2.8993839835728954,2022,2,1
EMP1456,Bob,Miller,35.0,HR-California,Active,2020-11-18,101264.64,bob.miller@example.com,-1955356032,Average,False,HR,California,2,4.112251882272417,2020,11,4
EMP1457,Heidi,Garcia,35.0,Admin-Nevada,Pending,2023-11-21,112272.02,heidi.garcia@example.com,-1903689002,Poor,False,Admin,Nevada,1,1.106091718001369,2023,11,4
EMP1458,Frank,Williams,30.0,DevOps-Illinois,Active,2022-02-13,71477.63,frank.williams@example.com,-102724054,Good,True,DevOps,Illinois,3,2.8747433264887063,2022,2,1
EMP1459,Charlie,Williams,30.0,DevOps-Texas,Pending,2023-03-19,77412.1,charlie.williams@example.com,-9342967110,Poor,False,DevOps,Texas,1,1.782340862422998,2023,3,1
EMP1460,Alice,Johnson,30.0,Sales-California,Pending,2021-03-28,94775.27,alice.johnson@example.com,-4837537457,Average,False,Sales,California,2,3.756331279945243,2021,3,1
EMP1461,Heidi,Jones,30.0,HR-Nevada,Active,2021-05-02,74276.71,heidi.jones@example.com,-4384588104,Excellent,True,HR,Nevada,4,3.6605065023956196,2021,5,2
EMP1462,Bob,Miller,35.0,Finance-Texas,Inactive,2021-03-05,67467.86,bob.miller@example.com,-6974132833,Good,True,Finance,Texas,3,3.8193018480492813,2021,3,1
EMP1463,Eva,Smith,25.0,DevOps-Texas,Active,2022-03-01,80675.41,eva.smith@example.com,-8315203770,Excellent,False,DevOps,Texas,4,2.830937713894593,2022,3,1
EMP1464,Charlie,Brown,40.0,Finance-Florida,Inactive,2023-01-23,76274.33,charlie.brown@example.com,-704496409,Average,False,Finance,Florida,2,1.9329226557152634,2023,1,1
EMP1465,David,Davis,30.0,Finance-Texas,Active,2021-08-26,51405.46,david.davis@example.com,-4967066702,Average,True,Finance,Texas,2,3.3429158110882957,2021,8,3
EMP1466,Bob,Garcia,25.0,HR-New York,Inactive,2020-11-25,101238.96,bob.garcia@example.com,-3626804084,Average,True,HR,New York,2,4.093086926762491,2020,11,4
EMP1467,Bob,Smith,35.0,Sales-Illinois,Inactive,2023-12-13,52169.52,bob.smith@example.com,-954930595,Excellent,False,Sales,Illinois,4,1.0458590006844628,2023,12,4
EMP1468,Charlie,Jones,,Finance-New York,Active,2020-07-26,73176.62,charlie.jones@example.com,-6018648768,Excellent,False,Finance,New York,4,4.427104722792608,2020,7,3
EMP1469,Grace,Brown,,DevOps-Nevada,Pending,2021-06-27,96241.85,grace.brown@example.com,-9842673203,Excellent,False,DevOps,Nevada,4,3.5071868583162216,2021,6,2
EMP1470,Bob,Jones,25.0,Finance-Illinois,Pending,2024-09-16,84366.38,bob.jones@example.com,-4138459608,Excellent,False,Finance,Illinois,4,0.28473648186173856,2024,9,3
EMP1471,Alice,Garcia,40.0,Cloud Tech-California,Pending,2023-07-04,92015.09,alice.garcia@example.com,-4544901494,Average,True,Cloud Tech,California,2,1.4893908281998631,2023,7,3
EMP1472,Alice,Williams,30.0,Admin-Nevada,Inactive,2020-06-16,83149.95,alice.williams@example.com,-4277070704,Average,False,Admin,Nevada,2,4.5366187542778915,2020,6,2
EMP1473,Grace,Brown,40.0,Finance-Nevada,Inactive,2020-07-05,94930.65,grace.brown@example.com,-7836091497,Good,False,Finance,Nevada,3,4.484599589322382,2020,7,3
EMP1474,Frank,Williams,40.0,HR-New York,Inactive,2020-04-01,68430.72,frank.williams@example.com,-5172444722,Good,True,HR,New York,3,4.744695414099931,2020,4,2
EMP1475,David,Garcia,35.0,Sales-Texas,Active,2024-03-20,98752.97,david.garcia@example.com,-2290310286,Excellent,False,Sales,Texas,4,0.7775496235455168,2024,3,1
EMP1476,Frank,Smith,,Finance-Illinois,Active,2023-02-07,54268.86,frank.smith@example.com,-9508304404,Poor,True,Finance,Illinois,1,1.891854893908282,2023,2,1
EMP1477,Grace,Garcia,,DevOps-Florida,Pending,2024-12-10,66494.94,grace.garcia@example.com,-8093511870,Poor,False,DevOps,Florida,1,0.05201916495550993,2024,12,4
EMP1478,Grace,Smith,25.0,Sales-Illinois,Pending,2024-06-27,90003.98,grace.smith@example.com,-8133595615,Average,False,Sales,Illinois,2,0.5065023956194388,2024,6,2
EMP1479,Charlie,Brown,25.0,Finance-New York,Active,2021-03-09,106592.25,charlie.brown@example.com,-4205955656,Average,True,Finance,New York,2,3.808350444900753,2021,3,1
EMP1480,Grace,Brown,25.0,DevOps-Florida,Active,2024-08-11,93905.83,grace.brown@example.com,-4902504289,Average,True,DevOps,Florida,2,0.38329911019849416,2024,8,3
EMP1481,Eva,Miller,35.0,DevOps-Texas,Active,2022-03-05,88945.49,eva.miller@example.com,-1935889535,Good,False,DevOps,Texas,3,2.8199863107460645,2022,3,1
EMP1482,Eva,Jones,,Finance-Texas,Pending,2023-06-30,91130.33,eva.jones@example.com,-9026113988,Good,False,Finance,Texas,3,1.5003422313483916,2023,6,2
EMP1483,Bob,Miller,40.0,Admin-New York,Pending,2023-04-19,90787.4,bob.miller@example.com,-8681809787,Average,False,Admin,New York,2,1.6974674880219027,2023,4,2
EMP1484,Bob,Jones,25.0,Sales-Texas,Inactive,2024-11-11,87494.34,bob.jones@example.com,-7543943534,Average,True,Sales,Texas,2,0.13141683778234087,2024,11,4
EMP1485,Grace,Miller,35.0,Finance-Nevada,Inactive,2023-03-17,92627.35,grace.miller@example.com,-3751376514,Average,False,Finance,Nevada,2,1.787816563997262,2023,3,1
EMP1486,Eva,Williams,40.0,Admin-Illinois,Pending,2023-10-26,98556.29,eva.williams@example.com,-8815793762,Poor,True,Admin,Illinois,1,1.1772758384668036,2023,10,4
EMP1487,Frank,Brown,30.0,Cloud Tech-Nevada,Inactive,2021-07-04,112792.2,frank.brown@example.com,-9283692943,Good,True,Cloud Tech,Nevada,3,3.488021902806297,2021,7,3
EMP1488,Eva,Smith,35.0,HR-Florida,Pending,2023-11-03,56875.22,eva.smith@example.com,-5511668296,Poor,False,HR,Florida,1,1.1553730321697468,2023,11,4
EMP1489,Charlie,Jones,35.0,DevOps-Florida,Inactive,2021-07-05,101015.96,charlie.jones@example.com,-3270216486,Poor,True,DevOps,Florida,1,3.485284052019165,2021,7,3
EMP1490,Bob,Garcia,30.0,Finance-New York,Inactive,2024-02-26,83912.22,bob.garcia@example.com,-1206021287,Average,False,Finance,New York,2,0.840520191649555,2024,2,1
EMP1491,Frank,Jones,25.0,Sales-New York,Active,2021-09-29,99669.86,frank.jones@example.com,-6652683414,Average,False,Sales,New York,2,3.249828884325804,2021,9,3
EMP1492,Alice,Smith,30.0,Admin-New York,Active,2021-05-25,52314.97,alice.smith@example.com,-5999101575,Excellent,False,Admin,New York,4,3.597535934291581,2021,5,2
EMP1493,Frank,Miller,30.0,HR-California,Inactive,2022-10-31,77785.96,frank.miller@example.com,-7647229811,Excellent,False,HR,California,4,2.16290212183436,2022,10,4
EMP1494,Alice,Jones,30.0,HR-Florida,Pending,2022-07-02,62430.86,alice.jones@example.com,-995765727,Poor,False,HR,Florida,1,2.4941820670773445,2022,7,3
EMP1495,Frank,Davis,35.0,Admin-California,Pending,2024-08-28,98219.54,frank.davis@example.com,-9413475097,Good,True,Admin,California,3,0.33675564681724846,2024,8,3
EMP1496,Grace,Williams,25.0,Admin-Illinois,Active,2024-10-21,65494.58,grace.williams@example.com,-8986456521,Average,True,Admin,Illinois,2,0.188911704312115,2024,10,4
EMP1497,David,Brown,35.0,DevOps-Florida,Pending,2020-02-11,110524.1,david.brown@example.com,-368499514,Average,False,DevOps,Florida,2,4.8815879534565365,2020,2,1
EMP1498,Alice,Smith,40.0,Admin-Nevada,Active,2023-05-16,106060.54,alice.smith@example.com,-4214477323,Poor,False,Admin,Nevada,1,1.623545516769336,2023,5,2
EMP1499,Eva,Brown,35.0,Finance-Florida,Inactive,2022-07-29,67639.91,eva.brown@example.com,-4913421387,Excellent,True,Finance,Florida,4,2.4202600958247777,2022,7,3
EMP1500,Grace,Davis,,Cloud Tech-Texas,Pending,2023-09-18,117653.98,grace.davis@example.com,-2090883069,Good,True,Cloud Tech,Texas,3,1.2813141683778233,2023,9,3
EMP1501,Eva,Jones,35.0,DevOps-Texas,Inactive,2020-05-10,73539.86,eva.jones@example.com,-5349678273,Excellent,True,DevOps,Texas,4,4.63791923340178,2020,5,2
EMP1502,Frank,Jones,35.0,HR-Nevada,Pending,2023-08-27,70915.38,frank.jones@example.com,-1176741240,Excellent,True,HR,Nevada,4,1.3415468856947297,2023,8,3
EMP1503,David,Garcia,25.0,Sales-Florida,Pending,2021-10-16,97652.9,david.garcia@example.com,-5131528546,Excellent,False,Sales,Florida,4,3.2032854209445585,2021,10,4
EMP1504,Heidi,Davis,35.0,HR-Florida,Inactive,2022-03-06,101571.25,heidi.davis@example.com,-8150618537,Excellent,False,HR,Florida,4,2.817248459958932,2022,3,1
EMP1505,David,Smith,35.0,DevOps-Nevada,Active,2023-11-06,87424.46,david.smith@example.com,-32963346,Average,True,DevOps,Nevada,2,1.1471594798083504,2023,11,4
EMP1506,Frank,Garcia,,HR-New York,Pending,2024-11-30,89077.36,frank.garcia@example.com,-2727423182,Average,False,HR,New York,2,0.07939767282683094,2024,11,4
EMP1507,Heidi,Williams,30.0,DevOps-California,Pending,2024-07-13,89132.22,heidi.williams@example.com,-617893205,Excellent,True,DevOps,California,4,0.46269678302532513,2024,7,3
EMP1508,Frank,Garcia,25.0,Admin-California,Active,2024-03-04,111000.26,frank.garcia@example.com,-4969357823,Good,False,Admin,California,3,0.8213552361396304,2024,3,1
EMP1509,Frank,Johnson,35.0,HR-Illinois,Inactive,2022-08-07,109584.97,frank.johnson@example.com,-3477695873,Poor,True,HR,Illinois,1,2.3956194387405887,2022,8,3
EMP1510,Bob,Smith,40.0,Admin-Illinois,Active,2024-11-11,97648.84,bob.smith@example.com,-1314675360,Good,False,Admin,Illinois,3,0.13141683778234087,2024,11,4
EMP1511,Grace,Johnson,25.0,Admin-New York,Active,2021-12-02,78643.43,grace.johnson@example.com,-2751562778,Good,True,Admin,New York,3,3.07460643394935,2021,12,4
EMP1512,Heidi,Davis,30.0,HR-Nevada,Active,2024-05-14,55656.8,heidi.davis@example.com,-6304483607,Good,True,HR,Nevada,3,0.6269678302532512,2024,5,2
EMP1513,Charlie,Miller,35.0,DevOps-Texas,Active,2022-07-14,69146.95,charlie.miller@example.com,-5456676639,Excellent,False,DevOps,Texas,4,2.461327857631759,2022,7,3
EMP1514,Charlie,Johnson,,Admin-Florida,Active,2020-09-22,93013.58,charlie.johnson@example.com,-4735047638,Average,True,Admin,Florida,2,4.268309377138946,2020,9,3
EMP1515,Grace,Williams,40.0,Finance-Florida,Active,2020-03-18,87364.78,grace.williams@example.com,-2831995297,Good,False,Finance,Florida,3,4.783025325119781,2020,3,1
EMP1516,Alice,Garcia,35.0,Sales-New York,Active,2023-10-17,50288.67,alice.garcia@example.com,-61558107,Excellent,False,Sales,New York,4,1.2019164955509924,2023,10,4
EMP1517,David,Miller,35.0,HR-New York,Active,2022-02-24,85233.55,david.miller@example.com,-3583286341,Good,True,HR,New York,3,2.844626967830253,2022,2,1
EMP1518,Bob,Garcia,25.0,HR-California,Inactive,2024-01-30,86420.19,bob.garcia@example.com,-5563830007,Good,False,HR,California,3,0.9144421629021219,2024,1,1
EMP1519,Grace,Johnson,30.0,HR-Florida,Inactive,2024-03-16,63189.82,grace.johnson@example.com,-1867024402,Excellent,False,HR,Florida,4,0.7885010266940452,2024,3,1
EMP1520,Grace,Garcia,25.0,Admin-New York,Pending,2020-09-25,64783.32,grace.garcia@example.com,-3041662410,Average,False,Admin,New York,2,4.26009582477755,2020,9,3
EMP1521,Charlie,Davis,25.0,HR-Nevada,Pending,2024-06-10,52615.44,charlie.davis@example.com,-1860089218,Average,False,HR,Nevada,2,0.5530458590006845,2024,6,2
EMP1522,Eva,Miller,,Sales-Texas,Pending,2020-04-08,96337.89,eva.miller@example.com,-6394568043,Poor,False,Sales,Texas,1,4.725530458590007,2020,4,2
EMP1523,Alice,Davis,25.0,DevOps-Texas,Inactive,2022-06-28,76617.76,alice.davis@example.com,-7314976460,Excellent,True,DevOps,Texas,4,2.5051334702258727,2022,6,2
EMP1524,Heidi,Johnson,30.0,Admin-Nevada,Pending,2023-07-14,50651.32,heidi.johnson@example.com,-3684748835,Poor,False,Admin,Nevada,1,1.462012320328542,2023,7,3
EMP1525,Bob,Davis,,HR-Illinois,Pending,2023-12-06,59601.45,bob.davis@example.com,-765817389,Poor,False,HR,Illinois,1,1.0650239561943875,2023,12,4
EMP1526,Bob,Williams,,DevOps-Illinois,Active,2021-08-01,57980.88,bob.williams@example.com,-6375791451,Poor,False,DevOps,Illinois,1,3.4113620807665983,2021,8,3
EMP1527,David,Johnson,,Admin-California,Pending,2021-02-17,75054.53,david.johnson@example.com,-1182379311,Average,False,Admin,California,2,3.863107460643395,2021,2,1
EMP1528,Charlie,Johnson,25.0,Sales-Florida,Active,2023-11-10,115318.7,charlie.johnson@example.com,-6978930745,Excellent,False,Sales,Florida,4,1.136208076659822,2023,11,4
EMP1529,Alice,Johnson,25.0,DevOps-Texas,Active,2024-09-06,90190.69,alice.johnson@example.com,-4520599603,Poor,True,DevOps,Texas,1,0.31211498973305957,2024,9,3
EMP1530,Bob,Smith,,Cloud Tech-Nevada,Pending,2020-07-26,113334.56,bob.smith@example.com,-3878753576,Excellent,False,Cloud Tech,Nevada,4,4.427104722792608,2020,7,3
EMP1531,Heidi,Garcia,35.0,HR-Florida,Active,2020-07-23,106922.49,heidi.garcia@example.com,-8811616201,Excellent,True,HR,Florida,4,4.435318275154004,2020,7,3
EMP1532,Eva,Smith,35.0,DevOps-California,Inactive,2024-02-21,58113.07,eva.smith@example.com,-8123710671,Average,True,DevOps,California,2,0.8542094455852156,2024,2,1
EMP1533,Alice,Smith,25.0,Admin-Nevada,Pending,2020-12-15,73006.26,alice.smith@example.com,-8728660415,Poor,True,Admin,Nevada,1,4.03832991101985,2020,12,4
EMP1534,Eva,Williams,25.0,HR-California,Active,2020-08-21,78054.43,eva.williams@example.com,-4485959223,Poor,True,HR,California,1,4.355920602327173,2020,8,3
EMP1535,Eva,Miller,40.0,DevOps-Florida,Inactive,2023-08-21,112028.67,eva.miller@example.com,-8395894772,Excellent,False,DevOps,Florida,4,1.3579739904175223,2023,8,3
EMP1536,Charlie,Garcia,25.0,Admin-Texas,Inactive,2023-04-24,83787.24,charlie.garcia@example.com,-5228705621,Good,True,Admin,Texas,3,1.6837782340862424,2023,4,2
EMP1537,Heidi,Davis,30.0,Sales-Florida,Inactive,2023-06-06,52017.14,heidi.davis@example.com,-7104331874,Average,True,Sales,Florida,2,1.566050650239562,2023,6,2
EMP1538,Charlie,Jones,40.0,Finance-Texas,Inactive,2022-06-21,53218.06,charlie.jones@example.com,-1097921582,Average,False,Finance,Texas,2,2.524298425735797,2022,6,2
EMP1539,Frank,Johnson,25.0,DevOps-Nevada,Pending,2024-04-20,102053.67,frank.johnson@example.com,-5034469458,Average,False,DevOps,Nevada,2,0.6926762491444216,2024,4,2
EMP1540,David,Davis,35.0,Sales-Illinois,Pending,2023-12-05,93276.73,david.davis@example.com,-6488319212,Average,False,Sales,Illinois,2,1.0677618069815196,2023,12,4
EMP1541,David,Johnson,40.0,HR-Nevada,Pending,2023-08-06,76941.36,david.johnson@example.com,-4249128964,Poor,True,HR,Nevada,1,1.3990417522245038,2023,8,3
EMP1542,Alice,Williams,25.0,DevOps-New York,Pending,2024-10-04,82850.23,alice.williams@example.com,-9994973202,Poor,False,DevOps,New York,1,0.23545516769336072,2024,10,4
EMP1543,Charlie,Johnson,25.0,Finance-California,Active,2021-11-08,117910.15,charlie.johnson@example.com,-3192227050,Good,False,Finance,California,3,3.14031485284052,2021,11,4
EMP1544,David,Smith,,DevOps-Florida,Inactive,2024-07-31,66450.0,david.smith@example.com,-287675480,Average,True,DevOps,Florida,2,0.4134154688569473,2024,7,3
EMP1545,Heidi,Garcia,25.0,Finance-Florida,Inactive,2020-08-31,118646.95,heidi.garcia@example.com,-3866675484,Average,False,Finance,Florida,2,4.328542094455853,2020,8,3
EMP1546,Alice,Jones,25.0,Finance-Florida,Active,2023-02-15,88436.92,alice.jones@example.com,-8193242686,Excellent,False,Finance,Florida,4,1.8699520876112252,2023,2,1
EMP1547,Eva,Brown,,Sales-New York,Pending,2023-10-07,81934.55,eva.brown@example.com,-7418652056,Poor,False,Sales,New York,1,1.2292950034223136,2023,10,4
EMP1548,Alice,Johnson,30.0,Finance-California,Pending,2024-04-20,93383.06,alice.johnson@example.com,-5639836519,Average,False,Finance,California,2,0.6926762491444216,2024,4,2
EMP1549,Frank,Davis,40.0,Cloud Tech-Texas,Pending,2021-03-30,50153.79,frank.davis@example.com,-3758309450,Good,True,Cloud Tech,Texas,3,3.7508555783709787,2021,3,1
EMP1550,Eva,Smith,,Sales-California,Pending,2020-08-05,53204.47,eva.smith@example.com,-5480940475,Good,False,Sales,California,3,4.399726214921286,2020,8,3
EMP1551,Charlie,Brown,40.0,Cloud Tech-California,Pending,2021-02-05,63128.04,charlie.brown@example.com,-440907976,Poor,False,Cloud Tech,California,1,3.89596167008898,2021,2,1
EMP1552,Grace,Jones,30.0,Finance-New York,Pending,2021-11-23,57543.6,grace.jones@example.com,-2781050921,Good,True,Finance,New York,3,3.0992470910335386,2021,11,4
EMP1553,Bob,Brown,40.0,Finance-Nevada,Pending,2022-10-29,59424.52,bob.brown@example.com,-2161070517,Good,False,Finance,Nevada,3,2.1683778234086244,2022,10,4
EMP1554,Alice,Smith,,Finance-Illinois,Inactive,2022-11-07,104675.7,alice.smith@example.com,-4390552957,Poor,True,Finance,Illinois,1,2.1437371663244353,2022,11,4
EMP1555,Charlie,Garcia,30.0,Cloud Tech-Florida,Pending,2023-05-14,92431.25,charlie.garcia@example.com,-660138240,Average,False,Cloud Tech,Florida,2,1.6290212183436004,2023,5,2
EMP1556,Grace,Garcia,40.0,Sales-Nevada,Active,2021-07-14,77850.9,grace.garcia@example.com,-2704938619,Average,True,Sales,Nevada,2,3.460643394934976,2021,7,3
EMP1557,Eva,Miller,40.0,Admin-New York,Inactive,2023-05-18,99001.0,eva.miller@example.com,-4485157918,Good,True,Admin,New York,3,1.6180698151950719,2023,5,2
EMP1558,Eva,Garcia,,HR-Nevada,Pending,2023-02-07,94280.83,eva.garcia@example.com,-7111212589,Good,True,HR,Nevada,3,1.891854893908282,2023,2,1
EMP1559,Eva,Miller,35.0,DevOps-New York,Pending,2023-08-24,118262.56,eva.miller@example.com,-2035713431,Average,True,DevOps,New York,2,1.3497604380561259,2023,8,3
EMP1560,Frank,Brown,25.0,HR-Illinois,Inactive,2023-04-08,89944.67,frank.brown@example.com,-4064242955,Poor,False,HR,Illinois,1,1.727583846680356,2023,4,2
EMP1561,Grace,Williams,,HR-Florida,Active,2022-12-06,57452.93,grace.williams@example.com,-3343244740,Good,True,HR,Florida,3,2.0643394934976045,2022,12,4
EMP1562,Alice,Davis,25.0,Admin-California,Active,2021-08-09,97837.32,alice.davis@example.com,-7595587208,Excellent,False,Admin,California,4,3.3894592744695413,2021,8,3
EMP1563,Alice,Davis,35.0,Admin-Illinois,Active,2022-01-04,106981.84,alice.davis@example.com,-6289365434,Poor,True,Admin,Illinois,1,2.9842573579739904,2022,1,1
EMP1564,David,Brown,,Finance-New York,Pending,2024-05-25,105778.36,david.brown@example.com,-8841834373,Good,True,Finance,New York,3,0.5968514715947981,2024,5,2
EMP1565,Alice,Johnson,40.0,Finance-Florida,Pending,2021-10-02,117608.32,alice.johnson@example.com,-182727954,Good,True,Finance,Florida,3,3.241615331964408,2021,10,4
EMP1566,Eva,Johnson,30.0,Sales-Florida,Active,2023-07-21,99324.03,eva.johnson@example.com,-9690515025,Excellent,False,Sales,Florida,4,1.4428473648186173,2023,7,3
EMP1567,David,Garcia,30.0,HR-Florida,Active,2023-10-30,55212.83,david.garcia@example.com,-7551254277,Excellent,True,HR,Florida,4,1.1663244353182751,2023,10,4
EMP1568,Bob,Davis,40.0,Cloud Tech-Florida,Inactive,2023-02-13,68496.77,bob.davis@example.com,-2079799666,Average,False,Cloud Tech,Florida,2,1.8754277891854894,2023,2,1
EMP1569,Eva,Davis,25.0,HR-Florida,Pending,2020-11-13,52795.84,eva.davis@example.com,-3459576402,Poor,False,HR,Florida,1,4.125941136208077,2020,11,4
EMP1570,Alice,Miller,,DevOps-California,Inactive,2024-06-05,90087.39,alice.miller@example.com,-8166496901,Poor,False,DevOps,California,1,0.5667351129363449,2024,6,2
EMP1571,Frank,Williams,,Admin-New York,Pending,2020-05-19,105038.08,frank.williams@example.com,-8249839224,Average,False,Admin,New York,2,4.61327857631759,2020,5,2
EMP1572,Grace,Smith,25.0,HR-New York,Active,2023-09-20,73231.85,grace.smith@example.com,-142576269,Poor,False,HR,New York,1,1.2758384668035592,2023,9,3
EMP1573,David,Johnson,,Sales-Florida,Pending,2024-08-13,102649.36,david.johnson@example.com,-2324412335,Poor,False,Sales,Florida,1,0.37782340862423,2024,8,3
EMP1574,Bob,Davis,35.0,Finance-New York,Pending,2023-06-10,114302.51,bob.davis@example.com,-1328507250,Poor,False,Finance,New York,1,1.5550992470910336,2023,6,2
EMP1575,Alice,Miller,35.0,Finance-Texas,Inactive,2021-06-09,87816.61,alice.miller@example.com,-7863767315,Poor,False,Finance,Texas,1,3.5564681724845997,2021,6,2
EMP1576,Frank,Jones,,Sales-Florida,Inactive,2020-03-30,70750.38,frank.jones@example.com,-2526546967,Poor,False,Sales,Florida,1,4.7501711156741955,2020,3,1
EMP1577,Frank,Miller,,Cloud Tech-Texas,Active,2024-05-02,,frank.miller@example.com,-1579039234,Excellent,True,Cloud Tech,Texas,4,0.6598220396988365,2024,5,2
EMP1578,Bob,Johnson,30.0,DevOps-Nevada,Active,2024-11-06,97978.36,bob.johnson@example.com,-5580996131,Poor,True,DevOps,Nevada,1,0.14510609171800137,2024,11,4
EMP1579,David,Johnson,,DevOps-Nevada,Inactive,2023-08-17,107172.8,david.johnson@example.com,-7303461561,Excellent,True,DevOps,Nevada,4,1.3689253935660506,2023,8,3
EMP1580,Charlie,Miller,25.0,Finance-Nevada,Inactive,2020-03-18,56126.46,charlie.miller@example.com,-6244670461,Poor,True,Finance,Nevada,1,4.783025325119781,2020,3,1
EMP1581,Eva,Smith,,Cloud Tech-Illinois,Active,2021-06-13,78534.29,eva.smith@example.com,-2681715159,Average,True,Cloud Tech,Illinois,2,3.5455167693360714,2021,6,2
EMP1582,Grace,Brown,40.0,HR-Texas,Inactive,2023-10-10,,grace.brown@example.com,-2529867075,Good,False,HR,Texas,3,1.2210814510609171,2023,10,4
EMP1583,Bob,Johnson,,Cloud Tech-Nevada,Active,2022-01-02,114963.34,bob.johnson@example.com,-6046419784,Excellent,False,Cloud Tech,Nevada,4,2.9897330595482545,2022,1,1
EMP1584,Eva,Miller,,Cloud Tech-California,Inactive,2022-02-20,77657.93,eva.miller@example.com,-7585126860,Poor,False,Cloud Tech,California,1,2.855578370978782,2022,2,1
EMP1585,Heidi,Davis,30.0,Sales-New York,Active,2024-03-09,77369.48,heidi.davis@example.com,-2059438975,Average,False,Sales,New York,2,0.8076659822039699,2024,3,1
EMP1586,Eva,Miller,30.0,HR-Nevada,Pending,2023-08-19,76119.14,eva.miller@example.com,-740177508,Good,False,HR,Nevada,3,1.3634496919917864,2023,8,3
EMP1587,Charlie,Williams,25.0,Cloud Tech-Texas,Pending,2023-05-06,77585.72,charlie.williams@example.com,-5465408423,Excellent,False,Cloud Tech,Texas,4,1.6509240246406571,2023,5,2
EMP1588,Bob,Brown,35.0,Admin-Nevada,Pending,2024-01-26,74069.62,bob.brown@example.com,-5607540914,Good,False,Admin,Nevada,3,0.9253935660506503,2024,1,1
EMP1589,Charlie,Jones,30.0,Admin-New York,Pending,2024-09-05,67691.92,charlie.jones@example.com,-863218121,Average,True,Admin,New York,2,0.31485284052019163,2024,9,3
EMP1590,Alice,Smith,,Finance-Nevada,Pending,2020-05-29,70345.69,alice.smith@example.com,-7645793896,Excellent,True,Finance,Nevada,4,4.58590006844627,2020,5,2
EMP1591,Bob,Garcia,30.0,DevOps-Illinois,Inactive,2021-11-08,74999.69,bob.garcia@example.com,-155029167,Good,True,DevOps,Illinois,3,3.14031485284052,2021,11,4
EMP1592,David,Jones,25.0,HR-Illinois,Active,2021-01-31,72245.02,david.jones@example.com,-1546602415,Poor,True,HR,Illinois,1,3.909650924024641,2021,1,1
EMP1593,Eva,Brown,,Admin-Illinois,Pending,2022-01-16,106538.98,eva.brown@example.com,-1394498829,Excellent,False,Admin,Illinois,4,2.951403148528405,2022,1,1
EMP1594,Charlie,Brown,25.0,HR-New York,Active,2023-12-29,101787.14,charlie.brown@example.com,-5973642479,Good,False,HR,New York,3,1.002053388090349,2023,12,4
EMP1595,Frank,Brown,30.0,DevOps-Nevada,Inactive,2024-12-02,83596.78,frank.brown@example.com,-9624406305,Average,False,DevOps,Nevada,2,0.07392197125256673,2024,12,4
EMP1596,Eva,Jones,40.0,Sales-Texas,Active,2023-08-15,92463.94,eva.jones@example.com,-2447951329,Average,True,Sales,Texas,2,1.374401095140315,2023,8,3
EMP1597,Charlie,Davis,,Admin-California,Pending,2024-12-20,93863.32,charlie.davis@example.com,-5319497968,Excellent,False,Admin,California,4,0.024640657084188913,2024,12,4
EMP1598,Alice,Brown,,DevOps-Texas,Pending,2023-03-31,78359.41,alice.brown@example.com,-5867805554,Good,False,DevOps,Texas,3,1.7494866529774127,2023,3,1
EMP1599,Alice,Miller,,HR-Illinois,Pending,2022-08-24,95773.57,alice.miller@example.com,-7277382645,Excellent,False,HR,Illinois,4,2.349075975359343,2022,8,3
EMP1600,Grace,Jones,30.0,Sales-Nevada,Inactive,2020-10-01,82529.08,grace.jones@example.com,-917851384,Excellent,True,Sales,Nevada,4,4.243668720054757,2020,10,4
EMP1601,Grace,Garcia,35.0,Sales-Texas,Pending,2021-05-04,109358.73,grace.garcia@example.com,-4457702991,Good,False,Sales,Texas,3,3.6550308008213555,2021,5,2
EMP1602,Charlie,Brown,,Admin-Florida,Active,2021-01-01,89645.01,charlie.brown@example.com,-9596604872,Good,True,Admin,Florida,3,3.991786447638604,2021,1,1
EMP1603,Charlie,Miller,40.0,HR-Texas,Active,2024-04-08,84134.95,charlie.miller@example.com,-6826911632,Poor,True,HR,Texas,1,0.7255304585900069,2024,4,2
EMP1604,Frank,Davis,30.0,Cloud Tech-Nevada,Active,2022-11-26,113540.83,frank.davis@example.com,-1942268652,Good,True,Cloud Tech,Nevada,3,2.0917180013689256,2022,11,4
EMP1605,Heidi,Williams,40.0,Cloud Tech-Texas,Pending,2021-10-25,57225.75,heidi.williams@example.com,-6945515887,Average,True,Cloud Tech,Texas,2,3.1786447638603694,2021,10,4
EMP1606,Eva,Davis,35.0,Sales-Illinois,Pending,2020-12-22,76366.17,eva.davis@example.com,-6367747225,Excellent,False,Sales,Illinois,4,4.0191649555099245,2020,12,4
EMP1607,Bob,Garcia,,HR-Florida,Active,2022-11-23,78408.95,bob.garcia@example.com,-4085721695,Excellent,True,HR,Florida,4,2.099931553730322,2022,11,4
EMP1608,Frank,Brown,40.0,Finance-Illinois,Active,2022-10-24,111742.4,frank.brown@example.com,-6630932997,Average,True,Finance,Illinois,2,2.1820670773442847,2022,10,4
EMP1609,David,Garcia,25.0,Sales-Nevada,Inactive,2021-03-09,60516.83,david.garcia@example.com,-1996059328,Good,False,Sales,Nevada,3,3.808350444900753,2021,3,1
EMP1610,Bob,Jones,30.0,Finance-California,Pending,2020-08-20,83706.17,bob.jones@example.com,-7150968831,Average,False,Finance,California,2,4.358658453114305,2020,8,3
EMP1611,David,Johnson,,Admin-Nevada,Inactive,2020-02-15,67056.92,david.johnson@example.com,-7532735240,Average,True,Admin,Nevada,2,4.870636550308008,2020,2,1
EMP1612,Charlie,Brown,30.0,DevOps-Illinois,Active,2024-12-29,90058.85,charlie.brown@example.com,-397739731,Poor,False,DevOps,Illinois,1,0.0,2024,12,4
EMP1613,Eva,Johnson,30.0,Sales-Florida,Pending,2023-02-28,94633.59,eva.johnson@example.com,-7819523709,Average,True,Sales,Florida,2,1.834360027378508,2023,2,1
EMP1614,Eva,Miller,25.0,Admin-Florida,Pending,2022-08-23,110711.17,eva.miller@example.com,-687616480,Excellent,True,Admin,Florida,4,2.351813826146475,2022,8,3
EMP1615,Grace,Williams,,Admin-Illinois,Active,2023-06-30,96175.41,grace.williams@example.com,-9807704604,Average,True,Admin,Illinois,2,1.5003422313483916,2023,6,2
EMP1616,Frank,Smith,40.0,Sales-Illinois,Active,2021-04-15,76474.79,frank.smith@example.com,-6876112490,Excellent,True,Sales,Illinois,4,3.707049965776865,2021,4,2
EMP1617,Alice,Garcia,30.0,Sales-Illinois,Pending,2022-05-09,107855.99,alice.garcia@example.com,-2565237340,Excellent,False,Sales,Illinois,4,2.642026009582478,2022,5,2
EMP1618,Charlie,Davis,40.0,Sales-Illinois,Active,2024-12-02,104870.78,charlie.davis@example.com,-5177345474,Excellent,True,Sales,Illinois,4,0.07392197125256673,2024,12,4
EMP1619,Bob,Williams,25.0,Finance-Nevada,Active,2023-05-20,,bob.williams@example.com,-7494902283,Good,False,Finance,Nevada,3,1.6125941136208077,2023,5,2
EMP1620,Grace,Brown,,Finance-California,Active,2023-11-29,87087.16,grace.brown@example.com,-359544293,Poor,False,Finance,California,1,1.0841889117043122,2023,11,4
EMP1621,Heidi,Johnson,40.0,HR-Illinois,Pending,2024-04-08,108603.34,heidi.johnson@example.com,-7742229463,Excellent,False,HR,Illinois,4,0.7255304585900069,2024,4,2
EMP1622,Grace,Davis,30.0,HR-Florida,Active,2024-10-25,55867.23,grace.davis@example.com,-3039429044,Excellent,False,HR,Florida,4,0.17796030116358658,2024,10,4
EMP1623,Grace,Johnson,35.0,Admin-Texas,Pending,2024-03-02,105259.57,grace.johnson@example.com,-8867925297,Good,True,Admin,Texas,3,0.8268309377138946,2024,3,1
EMP1624,Bob,Jones,,Cloud Tech-Florida,Pending,2021-02-24,98143.67,bob.jones@example.com,-5856728726,Excellent,False,Cloud Tech,Florida,4,3.8439425051334704,2021,2,1
EMP1625,Frank,Johnson,25.0,Admin-Florida,Pending,2023-04-13,67754.29,frank.johnson@example.com,-6015343323,Average,True,Admin,Florida,2,1.7138945927446954,2023,4,2
EMP1626,Grace,Jones,,HR-Illinois,Inactive,2023-10-25,77821.79,grace.jones@example.com,-9135779082,Average,False,HR,Illinois,2,1.1800136892539357,2023,10,4
EMP1627,Heidi,Miller,30.0,HR-Illinois,Pending,2022-09-17,67764.44,heidi.miller@example.com,-3506158147,Poor,False,HR,Illinois,1,2.2833675564681726,2022,9,3
EMP1628,Frank,Davis,40.0,DevOps-New York,Pending,2020-08-31,102346.99,frank.davis@example.com,-8810798333,Excellent,True,DevOps,New York,4,4.328542094455853,2020,8,3
EMP1629,Charlie,Davis,25.0,Admin-Illinois,Inactive,2024-05-28,73690.65,charlie.davis@example.com,-2337209483,Good,True,Admin,Illinois,3,0.5886379192334018,2024,5,2
EMP1630,Alice,Smith,30.0,Finance-Nevada,Active,2024-07-05,56376.2,alice.smith@example.com,-1312840332,Average,True,Finance,Nevada,2,0.48459958932238195,2024,7,3
EMP1631,Grace,Brown,25.0,Cloud Tech-California,Active,2022-01-29,55602.78,grace.brown@example.com,-9977180512,Good,False,Cloud Tech,California,3,2.915811088295688,2022,1,1
EMP1632,Grace,Jones,40.0,Sales-Nevada,Pending,2021-08-09,99812.41,grace.jones@example.com,-7171731892,Good,False,Sales,Nevada,3,3.3894592744695413,2021,8,3
EMP1633,Charlie,Smith,40.0,Finance-Texas,Active,2024-10-07,95981.9,charlie.smith@example.com,-9749096172,Average,True,Finance,Texas,2,0.2272416153319644,2024,10,4
EMP1634,Eva,Johnson,30.0,Cloud Tech-Illinois,Pending,2022-11-22,98891.48,eva.johnson@example.com,-9970469471,Good,True,Cloud Tech,Illinois,3,2.102669404517454,2022,11,4
EMP1635,Alice,Johnson,35.0,Admin-Nevada,Active,2020-11-18,56079.0,alice.johnson@example.com,-5878444834,Average,True,Admin,Nevada,2,4.112251882272417,2020,11,4
EMP1636,Grace,Smith,35.0,DevOps-Florida,Inactive,2023-04-15,,grace.smith@example.com,-4884712704,Good,True,DevOps,Florida,3,1.7084188911704312,2023,4,2
EMP1637,Bob,Davis,25.0,Sales-California,Pending,2024-08-26,89137.97,bob.davis@example.com,-8772216416,Average,False,Sales,California,2,0.34223134839151265,2024,8,3
EMP1638,Frank,Johnson,35.0,Admin-Illinois,Active,2022-07-20,115079.97,frank.johnson@example.com,-5823133483,Excellent,True,Admin,Illinois,4,2.4449007529089664,2022,7,3
EMP1639,Eva,Garcia,30.0,Finance-Illinois,Active,2023-02-18,55067.02,eva.garcia@example.com,-5871493924,Poor,True,Finance,Illinois,1,1.8617385352498288,2023,2,1
EMP1640,Bob,Miller,,HR-Illinois,Pending,2021-05-27,98593.43,bob.miller@example.com,-2362292586,Average,True,HR,Illinois,2,3.592060232717317,2021,5,2
EMP1641,Heidi,Miller,30.0,HR-Florida,Pending,2022-08-01,112756.67,heidi.miller@example.com,-9643474523,Average,True,HR,Florida,2,2.412046543463381,2022,8,3
EMP1642,Heidi,Garcia,25.0,HR-Texas,Inactive,2023-07-21,105205.92,heidi.garcia@example.com,-5557469659,Poor,False,HR,Texas,1,1.4428473648186173,2023,7,3
EMP1643,David,Smith,35.0,Finance-California,Pending,2023-01-02,50680.62,david.smith@example.com,-6065274032,Average,True,Finance,California,2,1.9904175222450375,2023,1,1
EMP1644,David,Garcia,35.0,Cloud Tech-Florida,Pending,2024-03-13,107475.23,david.garcia@example.com,-4450566587,Average,False,Cloud Tech,Florida,2,0.7967145790554415,2024,3,1
EMP1645,Charlie,Jones,40.0,HR-California,Active,2023-03-20,68835.3,charlie.jones@example.com,-3398741131,Good,True,HR,California,3,1.7796030116358659,2023,3,1
EMP1646,David,Jones,40.0,DevOps-New York,Active,2024-02-15,66943.96,david.jones@example.com,-5797067348,Poor,True,DevOps,New York,1,0.8706365503080082,2024,2,1
EMP1647,David,Smith,30.0,Admin-Illinois,Inactive,2020-11-15,104525.69,david.smith@example.com,-9601054856,Excellent,False,Admin,Illinois,4,4.120465434633813,2020,11,4
EMP1648,Bob,Garcia,40.0,Sales-Texas,Pending,2020-03-27,109360.74,bob.garcia@example.com,-4172156228,Average,True,Sales,Texas,2,4.758384668035592,2020,3,1
EMP1649,Frank,Jones,40.0,Sales-California,Inactive,2021-01-09,118907.63,frank.jones@example.com,-4938173597,Poor,False,Sales,California,1,3.969883641341547,2021,1,1
EMP1650,Eva,Davis,40.0,Admin-Illinois,Active,2020-04-20,86801.48,eva.davis@example.com,-4884021556,Good,False,Admin,Illinois,3,4.692676249144422,2020,4,2
EMP1651,Alice,Garcia,,HR-Florida,Pending,2024-05-08,62236.03,alice.garcia@example.com,-3257375533,Excellent,True,HR,Florida,4,0.6433949349760438,2024,5,2
EMP1652,Heidi,Davis,35.0,DevOps-Texas,Active,2023-10-12,64752.67,heidi.davis@example.com,-4902166669,Poor,False,DevOps,Texas,1,1.215605749486653,2023,10,4
EMP1653,Frank,Jones,35.0,Sales-California,Active,2023-01-28,68399.43,frank.jones@example.com,-8085096084,Excellent,False,Sales,California,4,1.919233401779603,2023,1,1
EMP1654,Frank,Miller,35.0,Admin-Florida,Inactive,2021-03-07,79336.51,frank.miller@example.com,-8749511917,Excellent,False,Admin,Florida,4,3.813826146475017,2021,3,1
EMP1655,Frank,Jones,40.0,HR-Florida,Active,2023-03-16,59179.74,frank.jones@example.com,-1828197930,Excellent,False,HR,Florida,4,1.7905544147843941,2023,3,1
EMP1656,David,Davis,25.0,DevOps-California,Active,2023-02-11,80255.31,david.davis@example.com,-6477251294,Average,False,DevOps,California,2,1.8809034907597535,2023,2,1
EMP1657,Charlie,Williams,30.0,Finance-Texas,Active,2022-05-13,84971.85,charlie.williams@example.com,-7860694095,Average,False,Finance,Texas,2,2.631074606433949,2022,5,2
EMP1658,Frank,Brown,40.0,HR-California,Pending,2024-10-24,89748.42,frank.brown@example.com,-35624394,Good,False,HR,California,3,0.1806981519507187,2024,10,4
EMP1659,Charlie,Johnson,25.0,Admin-California,Inactive,2024-09-14,94090.35,charlie.johnson@example.com,-8739592322,Good,False,Admin,California,3,0.29021218343600275,2024,9,3
EMP1660,Frank,Garcia,35.0,HR-California,Pending,2023-02-15,115229.12,frank.garcia@example.com,-4210890284,Poor,True,HR,California,1,1.8699520876112252,2023,2,1
EMP1661,Alice,Williams,40.0,Cloud Tech-California,Pending,2023-05-25,63927.07,alice.williams@example.com,-1553334263,Good,True,Cloud Tech,California,3,1.5989048596851472,2023,5,2
EMP1662,Charlie,Jones,35.0,HR-California,Pending,2022-11-11,84124.56,charlie.jones@example.com,-3350271606,Excellent,False,HR,California,4,2.132785763175907,2022,11,4
EMP1663,Bob,Miller,40.0,Sales-California,Inactive,2023-07-17,116961.61,bob.miller@example.com,-3607763368,Excellent,True,Sales,California,4,1.4537987679671458,2023,7,3
EMP1664,Frank,Smith,40.0,DevOps-Illinois,Pending,2022-04-08,109423.05,frank.smith@example.com,-1128981230,Average,False,DevOps,Illinois,2,2.726899383983573,2022,4,2
EMP1665,Charlie,Jones,35.0,Admin-California,Inactive,2023-08-30,70394.94,charlie.jones@example.com,-7955633184,Excellent,False,Admin,California,4,1.3333333333333333,2023,8,3
EMP1666,Grace,Miller,35.0,Finance-California,Pending,2023-04-17,86465.5,grace.miller@example.com,-7481700665,Poor,True,Finance,California,1,1.702943189596167,2023,4,2
EMP1667,Charlie,Brown,30.0,Cloud Tech-New York,Pending,2021-04-25,96341.58,charlie.brown@example.com,-1554164315,Excellent,False,Cloud Tech,New York,4,3.679671457905544,2021,4,2
EMP1668,Bob,Jones,30.0,Admin-Florida,Active,2020-07-14,54465.47,bob.jones@example.com,-7045023289,Excellent,False,Admin,Florida,4,4.459958932238193,2020,7,3
EMP1669,Alice,Davis,25.0,Finance-Illinois,Active,2020-07-31,68371.66,alice.davis@example.com,-2822700933,Poor,False,Finance,Illinois,1,4.413415468856948,2020,7,3
EMP1670,Grace,Smith,35.0,Admin-New York,Pending,2021-08-04,81021.23,grace.smith@example.com,-5962622821,Good,False,Admin,New York,3,3.403148528405202,2021,8,3
EMP1671,Charlie,Miller,25.0,Cloud Tech-Nevada,Inactive,2024-10-28,114069.07,charlie.miller@example.com,-5120734653,Good,True,Cloud Tech,Nevada,3,0.1697467488021903,2024,10,4
EMP1672,Heidi,Miller,,HR-Illinois,Inactive,2020-10-03,117867.96,heidi.miller@example.com,-9500507025,Poor,False,HR,Illinois,1,4.238193018480493,2020,10,4
EMP1673,Charlie,Miller,,Sales-Florida,Pending,2024-03-13,94509.58,charlie.miller@example.com,-869822104,Average,False,Sales,Florida,2,0.7967145790554415,2024,3,1
EMP1674,Eva,Brown,35.0,Finance-Illinois,Active,2024-07-06,56268.78,eva.brown@example.com,-3161177686,Excellent,False,Finance,Illinois,4,0.48186173853524983,2024,7,3
EMP1675,Grace,Jones,35.0,Admin-California,Active,2020-01-01,86632.14,grace.jones@example.com,-2904774257,Poor,True,Admin,California,1,4.993839835728953,2020,1,1
EMP1676,Charlie,Brown,35.0,HR-Florida,Pending,2020-01-18,98143.9,charlie.brown@example.com,-5917793237,Excellent,False,HR,Florida,4,4.947296372347707,2020,1,1
EMP1677,Heidi,Garcia,35.0,Cloud Tech-Florida,Inactive,2023-05-07,,heidi.garcia@example.com,-2231164912,Average,True,Cloud Tech,Florida,2,1.648186173853525,2023,5,2
EMP1678,Frank,Johnson,30.0,Finance-Illinois,Inactive,2022-03-19,67492.73,frank.johnson@example.com,-3424579888,Excellent,True,Finance,Illinois,4,2.7816563997262147,2022,3,1
EMP1679,Grace,Johnson,40.0,Admin-California,Active,2022-05-14,93772.61,grace.johnson@example.com,-4256529059,Poor,False,Admin,California,1,2.628336755646817,2022,5,2
EMP1680,Eva,Garcia,35.0,DevOps-Nevada,Pending,2024-07-14,68817.54,eva.garcia@example.com,-3202032649,Excellent,False,DevOps,Nevada,4,0.459958932238193,2024,7,3
EMP1681,Bob,Jones,30.0,Admin-California,Active,2023-07-28,81874.01,bob.jones@example.com,-9775396736,Good,True,Admin,California,3,1.4236824093086926,2023,7,3
EMP1682,Heidi,Davis,30.0,HR-Texas,Active,2020-04-11,117880.14,heidi.davis@example.com,-9487148551,Average,False,HR,Texas,2,4.717316906228611,2020,4,2
EMP1683,Bob,Brown,35.0,HR-New York,Pending,2022-06-16,100897.49,bob.brown@example.com,-4578715840,Average,True,HR,New York,2,2.537987679671458,2022,6,2
EMP1684,Charlie,Smith,25.0,Finance-New York,Inactive,2022-05-10,71810.37,charlie.smith@example.com,-5608213710,Average,True,Finance,New York,2,2.639288158795346,2022,5,2
EMP1685,Frank,Miller,40.0,DevOps-Texas,Inactive,2020-06-13,109048.24,frank.miller@example.com,-8425476817,Poor,False,DevOps,Texas,1,4.544832306639288,2020,6,2
EMP1686,Alice,Miller,35.0,Finance-Texas,Pending,2022-08-20,62712.26,alice.miller@example.com,-2683230357,Average,False,Finance,Texas,2,2.3600273785078714,2022,8,3
EMP1687,Eva,Jones,40.0,Cloud Tech-Texas,Pending,2021-05-24,76935.85,eva.jones@example.com,-9298808582,Good,True,Cloud Tech,Texas,3,3.600273785078713,2021,5,2
EMP1688,David,Davis,25.0,Admin-Florida,Pending,2024-04-27,56577.22,david.davis@example.com,-8252129327,Poor,True,Admin,Florida,1,0.6735112936344969,2024,4,2
EMP1689,David,Johnson,40.0,Finance-Nevada,Inactive,2021-10-23,61102.8,david.johnson@example.com,-9634064685,Good,True,Finance,Nevada,3,3.184120465434634,2021,10,4
EMP1690,Bob,Johnson,35.0,Finance-Nevada,Inactive,2021-02-10,75229.87,bob.johnson@example.com,-7752401483,Excellent,True,Finance,Nevada,4,3.8822724161533197,2021,2,1
EMP1691,David,Miller,25.0,Admin-Nevada,Inactive,2021-10-26,51054.74,david.miller@example.com,-3991062271,Excellent,False,Admin,Nevada,4,3.1759069130732374,2021,10,4
EMP1692,Bob,Jones,40.0,Admin-Texas,Active,2023-04-05,104843.27,bob.jones@example.com,-3626693350,Excellent,False,Admin,Texas,4,1.7357973990417521,2023,4,2
EMP1693,Charlie,Brown,35.0,Cloud Tech-New York,Active,2022-10-20,56398.11,charlie.brown@example.com,-3426192371,Excellent,False,Cloud Tech,New York,4,2.193018480492813,2022,10,4
EMP1694,Alice,Johnson,25.0,HR-Nevada,Active,2023-12-07,87544.73,alice.johnson@example.com,-4501848196,Good,False,HR,Nevada,3,1.0622861054072552,2023,12,4
EMP1695,Heidi,Brown,30.0,HR-Illinois,Pending,2024-03-29,74312.24,heidi.brown@example.com,-3741897214,Poor,False,HR,Illinois,1,0.7529089664613279,2024,3,1
EMP1696,David,Davis,25.0,DevOps-Florida,Inactive,2024-01-23,59431.25,david.davis@example.com,-4064176926,Poor,True,DevOps,Florida,1,0.9336071184120466,2024,1,1
EMP1697,Heidi,Johnson,40.0,Sales-California,Pending,2023-11-28,84306.44,heidi.johnson@example.com,-4381199536,Average,False,Sales,California,2,1.0869267624914443,2023,11,4
EMP1698,Frank,Johnson,35.0,DevOps-Florida,Inactive,2024-11-11,108194.47,frank.johnson@example.com,-6601444855,Good,False,DevOps,Florida,3,0.13141683778234087,2024,11,4
EMP1699,Charlie,Williams,25.0,Sales-New York,Inactive,2021-08-28,107359.3,charlie.williams@example.com,-4510173972,Excellent,False,Sales,New York,4,3.3374401095140316,2021,8,3
EMP1700,Heidi,Johnson,25.0,DevOps-Illinois,Inactive,2024-02-11,,heidi.johnson@example.com,-9641789968,Good,False,DevOps,Illinois,3,0.8815879534565366,2024,2,1
EMP1701,Frank,Garcia,,Admin-California,Pending,2020-05-09,96080.26,frank.garcia@example.com,-8609191910,Average,False,Admin,California,2,4.640657084188912,2020,5,2
EMP1702,Grace,Smith,30.0,Sales-Nevada,Inactive,2024-04-17,88602.75,grace.smith@example.com,-3599660576,Average,True,Sales,Nevada,2,0.7008898015058179,2024,4,2
EMP1703,Frank,Garcia,40.0,DevOps-California,Active,2020-07-16,86624.04,frank.garcia@example.com,-9806603919,Good,True,DevOps,California,3,4.454483230663929,2020,7,3
EMP1704,Charlie,Jones,30.0,Cloud Tech-New York,Active,2022-09-21,63413.16,charlie.jones@example.com,-5146074554,Good,True,Cloud Tech,New York,3,2.272416153319644,2022,9,3
EMP1705,Grace,Jones,40.0,Sales-Illinois,Pending,2023-04-23,67915.7,grace.jones@example.com,-3470574237,Good,False,Sales,Illinois,3,1.6865160848733745,2023,4,2
EMP1706,Bob,Brown,25.0,Admin-Nevada,Inactive,2024-12-27,108245.44,bob.brown@example.com,-8565271558,Poor,True,Admin,Nevada,1,0.0054757015742642025,2024,12,4
EMP1707,Alice,Garcia,35.0,Sales-Nevada,Inactive,2024-08-10,75834.81,alice.garcia@example.com,-8354116596,Excellent,True,Sales,Nevada,4,0.3860369609856263,2024,8,3
EMP1708,Eva,Garcia,,Cloud Tech-Nevada,Active,2024-09-04,71273.32,eva.garcia@example.com,-2634755751,Good,False,Cloud Tech,Nevada,3,0.31759069130732376,2024,9,3
EMP1709,Bob,Garcia,25.0,DevOps-New York,Pending,2022-02-28,63262.23,bob.garcia@example.com,-2501394883,Good,False,DevOps,New York,3,2.833675564681725,2022,2,1
EMP1710,David,Davis,,DevOps-New York,Pending,2024-03-14,89069.91,david.davis@example.com,-8826913118,Good,False,DevOps,New York,3,0.7939767282683093,2024,3,1
EMP1711,Frank,Johnson,40.0,DevOps-Nevada,Inactive,2024-12-13,57287.17,frank.johnson@example.com,-6425856260,Average,True,DevOps,Nevada,2,0.04380561259411362,2024,12,4
EMP1712,Grace,Smith,,HR-Nevada,Active,2022-12-29,119890.35,grace.smith@example.com,-4991537037,Average,True,HR,Nevada,2,2.001368925393566,2022,12,4
EMP1713,Frank,Brown,35.0,Sales-California,Inactive,2022-04-24,103492.91,frank.brown@example.com,-2407333372,Poor,False,Sales,California,1,2.6830937713894594,2022,4,2
EMP1714,Frank,Garcia,,Admin-Illinois,Pending,2021-03-14,76254.42,frank.garcia@example.com,-2043097767,Excellent,False,Admin,Illinois,4,3.7946611909650922,2021,3,1
EMP1715,Eva,Garcia,35.0,Finance-Florida,Inactive,2020-01-01,100841.93,eva.garcia@example.com,-8936289695,Poor,True,Finance,Florida,1,4.993839835728953,2020,1,1
EMP1716,Alice,Williams,,Admin-California,Active,2021-09-07,118907.61,alice.williams@example.com,-4546553584,Excellent,True,Admin,California,4,3.3100616016427105,2021,9,3
EMP1717,Frank,Brown,25.0,DevOps-California,Pending,2022-11-13,88942.62,frank.brown@example.com,-1253892186,Average,False,DevOps,California,2,2.127310061601643,2022,11,4
EMP1718,Charlie,Garcia,25.0,Cloud Tech-Florida,Inactive,2020-11-15,59688.57,charlie.garcia@example.com,-8519358373,Average,False,Cloud Tech,Florida,2,4.120465434633813,2020,11,4
EMP1719,David,Brown,30.0,HR-California,Active,2023-03-14,77985.88,david.brown@example.com,-9079779611,Average,True,HR,California,2,1.7960301163586585,2023,3,1
EMP1720,Bob,Johnson,35.0,Finance-New York,Inactive,2024-08-18,112931.69,bob.johnson@example.com,-878057214,Poor,False,Finance,New York,1,0.36413415468856947,2024,8,3
EMP1721,Bob,Williams,,DevOps-California,Active,2024-02-05,106583.88,bob.williams@example.com,-1494097625,Good,True,DevOps,California,3,0.8980150581793293,2024,2,1
EMP1722,Alice,Brown,35.0,HR-Florida,Inactive,2024-11-12,58437.84,alice.brown@example.com,-3748453985,Good,True,HR,Florida,3,0.12867898699520877,2024,11,4
EMP1723,Alice,Smith,40.0,Cloud Tech-California,Pending,2020-03-25,72352.16,alice.smith@example.com,-2895090590,Average,True,Cloud Tech,California,2,4.763860369609857,2020,3,1
EMP1724,Frank,Smith,,DevOps-New York,Active,2020-04-13,97154.47,frank.smith@example.com,-1918623391,Good,True,DevOps,New York,3,4.7118412046543465,2020,4,2
EMP1725,Heidi,Jones,,Sales-Illinois,Active,2021-03-30,80235.5,heidi.jones@example.com,-2071511695,Good,False,Sales,Illinois,3,3.7508555783709787,2021,3,1
EMP1726,Charlie,Williams,30.0,HR-Texas,Inactive,2023-03-16,102172.05,charlie.williams@example.com,-6672521451,Poor,False,HR,Texas,1,1.7905544147843941,2023,3,1
EMP1727,Eva,Williams,25.0,Finance-Illinois,Inactive,2024-05-03,98850.94,eva.williams@example.com,-6471246334,Excellent,True,Finance,Illinois,4,0.6570841889117043,2024,5,2
EMP1728,Heidi,Jones,,Admin-Florida,Inactive,2023-08-28,89993.15,heidi.jones@example.com,-1571840907,Average,True,Admin,Florida,2,1.3388090349075976,2023,8,3
EMP1729,David,Brown,30.0,Cloud Tech-California,Inactive,2021-10-24,97931.66,david.brown@example.com,-512080055,Average,True,Cloud Tech,California,2,3.1813826146475015,2021,10,4
EMP1730,Bob,Williams,40.0,Finance-California,Inactive,2021-01-25,72451.69,bob.williams@example.com,-4099512396,Poor,True,Finance,California,1,3.9260780287474333,2021,1,1
EMP1731,Alice,Smith,35.0,Admin-California,Pending,2024-08-09,119311.14,alice.smith@example.com,-2835129591,Poor,True,Admin,California,1,0.3887748117727584,2024,8,3
EMP1732,Charlie,Smith,40.0,Cloud Tech-New York,Active,2023-11-04,76167.46,charlie.smith@example.com,-7282709080,Good,False,Cloud Tech,New York,3,1.1526351813826146,2023,11,4
EMP1733,Bob,Garcia,25.0,DevOps-Texas,Active,2023-06-25,114871.08,bob.garcia@example.com,-4415298216,Average,False,DevOps,Texas,2,1.514031485284052,2023,6,2
EMP1734,Eva,Johnson,25.0,HR-Nevada,Active,2021-09-16,81504.31,eva.johnson@example.com,-3929578670,Excellent,False,HR,Nevada,4,3.2854209445585214,2021,9,3
EMP1735,David,Williams,,Admin-New York,Pending,2022-12-07,102524.86,david.williams@example.com,-8153523735,Poor,False,Admin,New York,1,2.0616016427104724,2022,12,4
EMP1736,Charlie,Brown,25.0,Finance-Illinois,Pending,2022-12-14,53043.74,charlie.brown@example.com,-507918157,Excellent,True,Finance,Illinois,4,2.0424366872005475,2022,12,4
EMP1737,Eva,Jones,30.0,DevOps-Illinois,Inactive,2020-04-18,82547.26,eva.jones@example.com,-9988683451,Excellent,True,DevOps,Illinois,4,4.698151950718686,2020,4,2
EMP1738,Bob,Jones,40.0,DevOps-California,Pending,2024-10-11,113900.81,bob.jones@example.com,-7346666169,Average,True,DevOps,California,2,0.216290212183436,2024,10,4
EMP1739,Bob,Brown,25.0,HR-Nevada,Inactive,2021-04-18,118585.5,bob.brown@example.com,-7158796473,Average,True,HR,Nevada,2,3.698836413415469,2021,4,2
EMP1740,Bob,Davis,35.0,Finance-Illinois,Pending,2020-06-29,63049.22,bob.davis@example.com,-803149981,Poor,True,Finance,Illinois,1,4.501026694045175,2020,6,2
EMP1741,Heidi,Miller,,DevOps-Texas,Active,2021-05-21,114558.91,heidi.miller@example.com,-5080046357,Average,False,DevOps,Texas,2,3.6084873374401094,2021,5,2
EMP1742,Heidi,Johnson,40.0,DevOps-New York,Active,2021-12-11,97901.79,heidi.johnson@example.com,-688285030,Average,True,DevOps,New York,2,3.049965776865161,2021,12,4
EMP1743,Eva,Jones,30.0,Sales-California,Active,2023-07-05,68037.56,eva.jones@example.com,-7235137398,Average,False,Sales,California,2,1.486652977412731,2023,7,3
EMP1744,Alice,Williams,,HR-New York,Active,2021-11-30,112802.27,alice.williams@example.com,-63140351,Excellent,False,HR,New York,4,3.080082135523614,2021,11,4
EMP1745,Bob,Johnson,40.0,Sales-Nevada,Pending,2024-11-22,93786.72,bob.johnson@example.com,-6356022938,Poor,False,Sales,Nevada,1,0.10130047912388775,2024,11,4
EMP1746,David,Williams,,Admin-Florida,Inactive,2023-05-24,73049.93,david.williams@example.com,-4694346065,Good,False,Admin,Florida,3,1.6016427104722792,2023,5,2
EMP1747,David,Davis,30.0,Sales-Illinois,Pending,2024-06-26,64161.72,david.davis@example.com,-6437490606,Excellent,True,Sales,Illinois,4,0.5092402464065708,2024,6,2
EMP1748,Charlie,Smith,40.0,Admin-Nevada,Pending,2020-11-19,72224.73,charlie.smith@example.com,-2311127127,Average,False,Admin,Nevada,2,4.1095140314852845,2020,11,4
EMP1749,Bob,Johnson,30.0,HR-New York,Pending,2020-03-01,103580.45,bob.johnson@example.com,-5246484493,Excellent,False,HR,New York,4,4.829568788501026,2020,3,1
EMP1750,Grace,Garcia,40.0,HR-Florida,Pending,2024-08-09,112589.11,grace.garcia@example.com,-1163187327,Average,False,HR,Florida,2,0.3887748117727584,2024,8,3
EMP1751,Eva,Jones,30.0,Admin-Texas,Active,2021-01-13,51833.88,eva.jones@example.com,-771130620,Average,True,Admin,Texas,2,3.9589322381930185,2021,1,1
EMP1752,Eva,Johnson,,Sales-Illinois,Active,2023-05-06,66252.78,eva.johnson@example.com,-1369572789,Excellent,True,Sales,Illinois,4,1.6509240246406571,2023,5,2
EMP1753,Frank,Johnson,25.0,DevOps-Florida,Active,2022-10-25,109229.68,frank.johnson@example.com,-8335090253,Poor,True,DevOps,Florida,1,2.1793292265571527,2022,10,4
EMP1754,Frank,Johnson,30.0,Finance-Florida,Inactive,2020-10-08,61465.05,frank.johnson@example.com,-2573066247,Average,False,Finance,Florida,2,4.224503764544832,2020,10,4
EMP1755,Grace,Miller,25.0,HR-Florida,Active,2024-02-29,96993.74,grace.miller@example.com,-1323570712,Poor,False,HR,Florida,1,0.8323066392881588,2024,2,1
EMP1756,David,Johnson,25.0,Admin-Florida,Pending,2022-09-30,98150.39,david.johnson@example.com,-9848228500,Good,True,Admin,Florida,3,2.2477754962354553,2022,9,3
EMP1757,David,Williams,40.0,Finance-Texas,Pending,2024-02-14,107703.0,david.williams@example.com,-1688092549,Average,False,Finance,Texas,2,0.8733744010951403,2024,2,1
EMP1758,Grace,Smith,,DevOps-Illinois,Pending,2023-01-03,86766.14,grace.smith@example.com,-2130609068,Poor,True,DevOps,Illinois,1,1.9876796714579055,2023,1,1
EMP1759,Alice,Davis,,Cloud Tech-Florida,Inactive,2024-08-20,111443.69,alice.davis@example.com,-1309810795,Poor,True,Cloud Tech,Florida,1,0.3586584531143053,2024,8,3
EMP1760,David,Brown,,Sales-Florida,Pending,2020-03-21,89039.07,david.brown@example.com,-4967379456,Good,False,Sales,Florida,3,4.774811772758385,2020,3,1
EMP1761,Alice,Johnson,30.0,HR-Florida,Inactive,2024-12-16,71318.79,alice.johnson@example.com,-7278532425,Poor,False,HR,Florida,1,0.03559206023271732,2024,12,4
EMP1762,Heidi,Jones,30.0,Finance-California,Pending,2020-04-21,98296.71,heidi.jones@example.com,-4250642075,Poor,False,Finance,California,1,4.689938398357289,2020,4,2
EMP1763,Heidi,Johnson,40.0,Cloud Tech-Nevada,Pending,2020-08-19,62584.0,heidi.johnson@example.com,-8362536666,Good,False,Cloud Tech,Nevada,3,4.361396303901437,2020,8,3
EMP1764,Charlie,Jones,40.0,Finance-California,Inactive,2020-02-21,62521.5,charlie.jones@example.com,-7767555627,Average,True,Finance,California,2,4.854209445585216,2020,2,1
EMP1765,David,Williams,40.0,Cloud Tech-California,Inactive,2023-11-17,95400.35,david.williams@example.com,-3333939577,Poor,True,Cloud Tech,California,1,1.1170431211498972,2023,11,4
EMP1766,Charlie,Jones,25.0,Cloud Tech-Texas,Pending,2022-07-09,94385.07,charlie.jones@example.com,-6543627186,Poor,True,Cloud Tech,Texas,1,2.4750171115674195,2022,7,3
EMP1767,Grace,Garcia,,Sales-New York,Inactive,2023-02-01,76642.49,grace.garcia@example.com,-4960335825,Poor,True,Sales,New York,1,1.9082819986310746,2023,2,1
EMP1768,Frank,Brown,,DevOps-New York,Active,2024-11-14,60122.52,frank.brown@example.com,-8627036923,Excellent,True,DevOps,New York,4,0.12320328542094455,2024,11,4
EMP1769,Alice,Smith,40.0,HR-California,Pending,2024-04-23,117267.63,alice.smith@example.com,-9269326572,Good,False,HR,California,3,0.6844626967830253,2024,4,2
EMP1770,Charlie,Jones,25.0,Admin-New York,Active,2023-06-29,,charlie.jones@example.com,-2759980110,Excellent,True,Admin,New York,4,1.5030800821355237,2023,6,2
EMP1771,Heidi,Jones,40.0,Sales-Texas,Pending,2024-12-12,84542.68,heidi.jones@example.com,-5155322,Good,True,Sales,Texas,3,0.04654346338124572,2024,12,4
EMP1772,Heidi,Smith,40.0,Finance-Florida,Active,2023-05-16,92007.15,heidi.smith@example.com,-4159597751,Average,True,Finance,Florida,2,1.623545516769336,2023,5,2
EMP1773,Eva,Brown,,DevOps-Illinois,Active,2020-04-10,62938.8,eva.brown@example.com,-4418222617,Average,False,DevOps,Illinois,2,4.720054757015743,2020,4,2
EMP1774,Frank,Johnson,25.0,Admin-Texas,Pending,2023-03-29,108661.01,frank.johnson@example.com,-9628874311,Poor,False,Admin,Texas,1,1.754962354551677,2023,3,1
EMP1775,Bob,Jones,25.0,Cloud Tech-Florida,Active,2020-11-26,97046.33,bob.jones@example.com,-7102676719,Good,False,Cloud Tech,Florida,3,4.090349075975359,2020,11,4
EMP1776,Charlie,Smith,40.0,DevOps-Illinois,Inactive,2020-03-14,56518.84,charlie.smith@example.com,-9579927078,Average,False,DevOps,Illinois,2,4.7939767282683095,2020,3,1
EMP1777,Frank,Garcia,40.0,Cloud Tech-Florida,Pending,2020-05-12,70498.29,frank.garcia@example.com,-5515122945,Good,True,Cloud Tech,Florida,3,4.632443531827516,2020,5,2
EMP1778,Eva,Garcia,35.0,Sales-Florida,Pending,2021-03-05,98708.06,eva.garcia@example.com,-2135415969,Average,True,Sales,Florida,2,3.8193018480492813,2021,3,1
EMP1779,Bob,Williams,,DevOps-Nevada,Pending,2020-06-28,83856.41,bob.williams@example.com,-9962543847,Excellent,False,DevOps,Nevada,4,4.503764544832307,2020,6,2
EMP1780,Eva,Smith,40.0,Sales-California,Inactive,2022-12-12,90259.99,eva.smith@example.com,-752034475,Average,False,Sales,California,2,2.0479123887748116,2022,12,4
EMP1781,Charlie,Williams,,Sales-Florida,Pending,2024-02-02,94230.03,charlie.williams@example.com,-5047158028,Excellent,True,Sales,Florida,4,0.9062286105407256,2024,2,1
EMP1782,Charlie,Garcia,,Admin-Nevada,Inactive,2021-01-31,50110.66,charlie.garcia@example.com,-904637659,Average,True,Admin,Nevada,2,3.909650924024641,2021,1,1
EMP1783,Bob,Brown,30.0,Sales-Florida,Inactive,2020-04-03,73365.46,bob.brown@example.com,-4655866524,Poor,False,Sales,Florida,1,4.739219712525667,2020,4,2
EMP1784,David,Johnson,25.0,DevOps-New York,Pending,2021-07-30,67809.23,david.johnson@example.com,-4837441714,Excellent,False,DevOps,New York,4,3.4168377823408624,2021,7,3
EMP1785,Eva,Smith,,Sales-California,Active,2020-08-21,98008.51,eva.smith@example.com,-8102131250,Average,False,Sales,California,2,4.355920602327173,2020,8,3
EMP1786,Alice,Davis,30.0,Admin-California,Inactive,2023-10-09,83537.58,alice.davis@example.com,-2931100590,Poor,False,Admin,California,1,1.2238193018480492,2023,10,4
EMP1787,Alice,Garcia,30.0,Finance-New York,Pending,2022-08-01,112444.08,alice.garcia@example.com,-2975191022,Excellent,True,Finance,New York,4,2.412046543463381,2022,8,3
EMP1788,Frank,Garcia,40.0,Finance-Nevada,Active,2024-09-06,86475.13,frank.garcia@example.com,-1211063300,Poor,True,Finance,Nevada,1,0.31211498973305957,2024,9,3
EMP1789,Frank,Davis,,Sales-Texas,Active,2023-03-28,97984.53,frank.davis@example.com,-6583737926,Good,True,Sales,Texas,3,1.757700205338809,2023,3,1
EMP1790,Frank,Miller,25.0,Admin-California,Active,2021-11-25,118853.31,frank.miller@example.com,-4907280122,Good,False,Admin,California,3,3.0937713894592744,2021,11,4
EMP1791,Charlie,Garcia,,Sales-Florida,Active,2023-05-03,58179.12,charlie.garcia@example.com,-4289311324,Excellent,False,Sales,Florida,4,1.6591375770020533,2023,5,2
EMP1792,Eva,Jones,35.0,DevOps-Texas,Inactive,2022-04-27,56075.84,eva.jones@example.com,-3269496842,Average,True,DevOps,Texas,2,2.674880219028063,2022,4,2
EMP1793,Frank,Brown,40.0,HR-New York,Pending,2021-09-11,62250.89,frank.brown@example.com,-6453804420,Excellent,True,HR,New York,4,3.299110198494182,2021,9,3
EMP1794,Alice,Smith,30.0,Cloud Tech-Florida,Pending,2020-02-21,105931.77,alice.smith@example.com,-175096169,Poor,True,Cloud Tech,Florida,1,4.854209445585216,2020,2,1
EMP1795,Charlie,Davis,30.0,HR-Florida,Pending,2024-11-24,86653.96,charlie.davis@example.com,-1595919456,Average,True,HR,Florida,2,0.09582477754962354,2024,11,4
EMP1796,Charlie,Jones,25.0,Sales-Nevada,Active,2021-02-24,100719.94,charlie.jones@example.com,-5757475832,Good,False,Sales,Nevada,3,3.8439425051334704,2021,2,1
EMP1797,Bob,Davis,25.0,HR-Texas,Pending,2024-10-02,91600.13,bob.davis@example.com,-9205677566,Average,True,HR,Texas,2,0.24093086926762491,2024,10,4
EMP1798,Heidi,Smith,25.0,Cloud Tech-Illinois,Pending,2024-03-06,71873.66,heidi.smith@example.com,-7722660255,Good,True,Cloud Tech,Illinois,3,0.8158795345653662,2024,3,1
EMP1799,Eva,Williams,30.0,HR-New York,Active,2021-08-09,69365.47,eva.williams@example.com,-2650622922,Average,True,HR,New York,2,3.3894592744695413,2021,8,3
EMP1800,Heidi,Smith,25.0,HR-New York,Active,2021-07-14,58012.23,heidi.smith@example.com,-1067245306,Average,True,HR,New York,2,3.460643394934976,2021,7,3
EMP1801,Bob,Miller,30.0,Sales-California,Pending,2021-10-14,68973.65,bob.miller@example.com,-6248433796,Average,True,Sales,California,2,3.2087611225188226,2021,10,4
EMP1802,Eva,Smith,,Admin-New York,Active,2021-09-29,92928.4,eva.smith@example.com,-6627051156,Poor,True,Admin,New York,1,3.249828884325804,2021,9,3
EMP1803,Heidi,Smith,25.0,Admin-Texas,Inactive,2023-10-15,53531.92,heidi.smith@example.com,-9423873669,Poor,True,Admin,Texas,1,1.2073921971252566,2023,10,4
EMP1804,Bob,Miller,40.0,Finance-New York,Pending,2023-05-05,112389.31,bob.miller@example.com,-4254969191,Excellent,False,Finance,New York,4,1.6536618754277892,2023,5,2
EMP1805,Heidi,Brown,,HR-California,Inactive,2024-08-01,63870.3,heidi.brown@example.com,-8455259709,Excellent,False,HR,California,4,0.4106776180698152,2024,8,3
EMP1806,Bob,Garcia,40.0,Sales-New York,Active,2024-07-22,106164.53,bob.garcia@example.com,-7563353573,Good,False,Sales,New York,3,0.4380561259411362,2024,7,3
EMP1807,Bob,Smith,40.0,HR-Nevada,Pending,2023-12-25,103654.54,bob.smith@example.com,-8595325938,Poor,False,HR,Nevada,1,1.0130047912388775,2023,12,4
EMP1808,David,Miller,30.0,Sales-California,Inactive,2022-03-13,62834.72,david.miller@example.com,-9337970580,Good,True,Sales,California,3,2.7980835044490076,2022,3,1
EMP1809,Frank,Jones,35.0,Finance-Florida,Active,2020-05-13,83273.41,frank.jones@example.com,-6295187793,Excellent,False,Finance,Florida,4,4.629705681040384,2020,5,2
EMP1810,Heidi,Williams,30.0,HR-California,Pending,2023-03-22,58917.58,heidi.williams@example.com,-1763425072,Good,False,HR,California,3,1.7741273100616017,2023,3,1
EMP1811,Bob,Williams,35.0,Sales-Nevada,Active,2024-06-10,71148.27,bob.williams@example.com,-3055978244,Excellent,True,Sales,Nevada,4,0.5530458590006845,2024,6,2
EMP1812,Grace,Smith,30.0,Sales-New York,Pending,2020-11-21,118172.42,grace.smith@example.com,-7598339913,Poor,True,Sales,New York,1,4.1040383299110195,2020,11,4
EMP1813,Frank,Brown,30.0,DevOps-Illinois,Inactive,2024-05-25,118614.37,frank.brown@example.com,-388436603,Average,False,DevOps,Illinois,2,0.5968514715947981,2024,5,2
EMP1814,Frank,Brown,,DevOps-New York,Active,2023-09-19,96872.36,frank.brown@example.com,-4324006156,Poor,False,DevOps,New York,1,1.2785763175906912,2023,9,3
EMP1815,Heidi,Jones,25.0,Sales-Illinois,Inactive,2021-10-28,88856.14,heidi.jones@example.com,-2768297513,Good,True,Sales,Illinois,3,3.1704312114989732,2021,10,4
EMP1816,Charlie,Smith,35.0,Finance-Texas,Pending,2020-08-10,97985.61,charlie.smith@example.com,-7439742924,Good,False,Finance,Texas,3,4.386036960985626,2020,8,3
EMP1817,Grace,Williams,35.0,Finance-Nevada,Pending,2020-05-05,56337.31,grace.williams@example.com,-105875255,Poor,True,Finance,Nevada,1,4.65160848733744,2020,5,2
EMP1818,Alice,Brown,30.0,DevOps-New York,Inactive,2022-12-24,70405.23,alice.brown@example.com,-8065625903,Poor,True,DevOps,New York,1,2.0150581793292264,2022,12,4
EMP1819,Heidi,Smith,30.0,Admin-Nevada,Inactive,2021-09-05,89919.35,heidi.smith@example.com,-5990802710,Excellent,True,Admin,Nevada,4,3.3155373032169746,2021,9,3
EMP1820,Eva,Davis,40.0,DevOps-California,Active,2023-04-08,50568.35,eva.davis@example.com,-2218231554,Good,True,DevOps,California,3,1.727583846680356,2023,4,2
EMP1821,Grace,Brown,30.0,HR-Texas,Inactive,2023-01-29,,grace.brown@example.com,-1651768085,Good,False,HR,Texas,3,1.9164955509924708,2023,1,1
EMP1822,Frank,Miller,25.0,HR-Texas,Active,2022-06-03,99155.53,frank.miller@example.com,-6281372142,Poor,True,HR,Texas,1,2.5735797399041753,2022,6,2
EMP1823,Frank,Davis,40.0,Finance-Florida,Inactive,2023-01-21,64785.13,frank.davis@example.com,-3080037002,Average,True,Finance,Florida,2,1.9383983572895278,2023,1,1
EMP1824,Charlie,Garcia,30.0,Sales-Florida,Inactive,2024-09-16,79206.48,charlie.garcia@example.com,-3228556607,Good,False,Sales,Florida,3,0.28473648186173856,2024,9,3
EMP1825,Charlie,Brown,30.0,Cloud Tech-Texas,Pending,2020-02-02,60079.71,charlie.brown@example.com,-4706810389,Average,True,Cloud Tech,Texas,2,4.906228610540725,2020,2,1
EMP1826,Grace,Williams,30.0,Cloud Tech-New York,Pending,2024-07-08,79109.88,grace.williams@example.com,-3397051957,Poor,False,Cloud Tech,New York,1,0.47638603696098564,2024,7,3
EMP1827,Grace,Johnson,,Admin-Florida,Pending,2022-05-18,88643.5,grace.johnson@example.com,-2632809447,Poor,False,Admin,Florida,1,2.617385352498289,2022,5,2
EMP1828,Frank,Davis,30.0,Admin-Florida,Pending,2020-01-16,90455.7,frank.davis@example.com,-5862394534,Excellent,False,Admin,Florida,4,4.952772073921971,2020,1,1
EMP1829,David,Garcia,,HR-Florida,Pending,2023-03-26,75687.9,david.garcia@example.com,-4614707985,Good,True,HR,Florida,3,1.7631759069130732,2023,3,1
EMP1830,Heidi,Jones,35.0,Cloud Tech-Illinois,Inactive,2023-11-15,55604.42,heidi.jones@example.com,-3210613393,Average,False,Cloud Tech,Illinois,2,1.1225188227241616,2023,11,4
EMP1831,Eva,Jones,40.0,Sales-Texas,Pending,2024-12-27,92704.94,eva.jones@example.com,-3945703942,Excellent,False,Sales,Texas,4,0.0054757015742642025,2024,12,4
EMP1832,Bob,Williams,,Sales-California,Pending,2020-04-18,113250.97,bob.williams@example.com,-8040325375,Good,True,Sales,California,3,4.698151950718686,2020,4,2
EMP1833,Alice,Brown,40.0,Finance-Illinois,Inactive,2023-03-21,101367.02,alice.brown@example.com,-5769277893,Excellent,False,Finance,Illinois,4,1.7768651608487338,2023,3,1
EMP1834,Eva,Smith,35.0,Admin-Texas,Pending,2023-05-08,102459.77,eva.smith@example.com,-3191009003,Poor,False,Admin,Texas,1,1.6454483230663928,2023,5,2
EMP1835,Eva,Brown,25.0,DevOps-Florida,Pending,2020-12-12,90100.2,eva.brown@example.com,-476921052,Good,False,DevOps,Florida,3,4.046543463381246,2020,12,4
EMP1836,Eva,Williams,,Cloud Tech-California,Inactive,2020-06-17,58877.49,eva.williams@example.com,-3651460400,Excellent,False,Cloud Tech,California,4,4.5338809034907595,2020,6,2
EMP1837,Eva,Jones,35.0,Admin-Illinois,Inactive,2021-07-17,,eva.jones@example.com,-4247310719,Excellent,False,Admin,Illinois,4,3.4524298425735798,2021,7,3
EMP1838,Bob,Brown,,Admin-Illinois,Pending,2020-11-05,96140.89,bob.brown@example.com,-1137984408,Average,True,Admin,Illinois,2,4.147843942505133,2020,11,4
EMP1839,Charlie,Jones,35.0,DevOps-New York,Inactive,2021-01-05,105956.04,charlie.jones@example.com,-7123166006,Excellent,False,DevOps,New York,4,3.980835044490075,2021,1,1
EMP1840,Frank,Davis,25.0,Admin-Illinois,Active,2024-09-11,84716.38,frank.davis@example.com,-6762090143,Good,False,Admin,Illinois,3,0.29842573579739906,2024,9,3
EMP1841,Grace,Garcia,30.0,DevOps-Florida,Pending,2023-07-29,61709.83,grace.garcia@example.com,-7340433699,Good,True,DevOps,Florida,3,1.4209445585215605,2023,7,3
EMP1842,Frank,Smith,25.0,DevOps-California,Active,2020-04-17,61732.03,frank.smith@example.com,-9687304518,Average,True,DevOps,California,2,4.700889801505818,2020,4,2
EMP1843,Eva,Davis,40.0,DevOps-Illinois,Active,2022-02-16,97845.7,eva.davis@example.com,-5778255881,Good,True,DevOps,Illinois,3,2.86652977412731,2022,2,1
EMP1844,Eva,Jones,30.0,Sales-Florida,Active,2021-08-14,114905.58,eva.jones@example.com,-5562965753,Poor,False,Sales,Florida,1,3.375770020533881,2021,8,3
EMP1845,Frank,Jones,,DevOps-Texas,Active,2022-12-24,94619.69,frank.jones@example.com,-2786561941,Good,True,DevOps,Texas,3,2.0150581793292264,2022,12,4
EMP1846,Grace,Johnson,,DevOps-California,Inactive,2021-07-07,68696.15,grace.johnson@example.com,-5577820581,Good,False,DevOps,California,3,3.479808350444901,2021,7,3
EMP1847,Grace,Johnson,40.0,DevOps-Nevada,Active,2024-02-12,97032.29,grace.johnson@example.com,-9582923615,Excellent,False,DevOps,Nevada,4,0.8788501026694046,2024,2,1
EMP1848,Frank,Davis,30.0,HR-Illinois,Active,2023-10-09,50593.33,frank.davis@example.com,-1880819047,Excellent,True,HR,Illinois,4,1.2238193018480492,2023,10,4
EMP1849,Grace,Miller,25.0,Sales-Texas,Pending,2022-07-02,74606.15,grace.miller@example.com,-2357155867,Good,True,Sales,Texas,3,2.4941820670773445,2022,7,3
EMP1850,Eva,Davis,30.0,Cloud Tech-Texas,Pending,2020-07-07,53981.73,eva.davis@example.com,-6395613722,Average,False,Cloud Tech,Texas,2,4.479123887748118,2020,7,3
EMP1851,David,Johnson,,DevOps-Texas,Pending,2020-09-02,56047.05,david.johnson@example.com,-817214363,Excellent,True,DevOps,Texas,4,4.323066392881588,2020,9,3
EMP1852,Grace,Jones,,Admin-Texas,Pending,2021-01-12,67733.5,grace.jones@example.com,-3813000412,Average,False,Admin,Texas,2,3.9616700889801506,2021,1,1
EMP1853,Bob,Williams,40.0,HR-Florida,Pending,2023-09-29,103891.64,bob.williams@example.com,-2114716559,Good,True,HR,Florida,3,1.2511978097193703,2023,9,3
EMP1854,Charlie,Davis,25.0,HR-Texas,Inactive,2022-03-06,73285.83,charlie.davis@example.com,-9456534698,Good,True,HR,Texas,3,2.817248459958932,2022,3,1
EMP1855,Eva,Jones,30.0,Finance-Texas,Inactive,2021-02-14,92721.13,eva.jones@example.com,-7990707549,Poor,True,Finance,Texas,1,3.871321013004791,2021,2,1
EMP1856,Heidi,Williams,25.0,Admin-Illinois,Inactive,2021-03-23,92977.64,heidi.williams@example.com,-4768169956,Excellent,False,Admin,Illinois,4,3.7700205338809036,2021,3,1
EMP1857,Heidi,Williams,35.0,Cloud Tech-Texas,Active,2020-05-24,89994.12,heidi.williams@example.com,-607174810,Good,True,Cloud Tech,Texas,3,4.59958932238193,2020,5,2
EMP1858,Heidi,Johnson,25.0,Finance-New York,Pending,2023-08-04,50060.73,heidi.johnson@example.com,-3176539704,Poor,False,Finance,New York,1,1.404517453798768,2023,8,3
EMP1859,Grace,Davis,35.0,Admin-Nevada,Inactive,2022-03-12,90224.82,grace.davis@example.com,-4873961028,Excellent,False,Admin,Nevada,4,2.8008213552361396,2022,3,1
EMP1860,Heidi,Brown,40.0,Finance-Florida,Pending,2024-05-18,106859.3,heidi.brown@example.com,-871827495,Good,False,Finance,Florida,3,0.6160164271047228,2024,5,2
EMP1861,David,Smith,25.0,Finance-Nevada,Inactive,2020-09-05,89707.07,david.smith@example.com,-8049187273,Good,False,Finance,Nevada,3,4.314852840520191,2020,9,3
EMP1862,Frank,Johnson,35.0,DevOps-California,Inactive,2020-04-23,94259.08,frank.johnson@example.com,-2049561212,Excellent,True,DevOps,California,4,4.684462696783025,2020,4,2
EMP1863,Bob,Johnson,35.0,Sales-California,Active,2024-09-18,82174.75,bob.johnson@example.com,-7730626041,Excellent,False,Sales,California,4,0.2792607802874743,2024,9,3
EMP1864,David,Brown,30.0,Sales-Texas,Inactive,2023-09-15,63370.22,david.brown@example.com,-3597371121,Excellent,False,Sales,Texas,4,1.2895277207392197,2023,9,3
EMP1865,Bob,Smith,35.0,Finance-Texas,Pending,2022-06-15,101472.69,bob.smith@example.com,-2990775607,Good,True,Finance,Texas,3,2.54072553045859,2022,6,2
EMP1866,David,Jones,25.0,DevOps-Illinois,Active,2022-09-28,77213.73,david.jones@example.com,-5816704685,Good,False,DevOps,Illinois,3,2.2532511978097194,2022,9,3
EMP1867,Eva,Miller,40.0,Sales-Florida,Active,2020-03-16,73749.96,eva.miller@example.com,-1114576831,Poor,True,Sales,Florida,1,4.788501026694045,2020,3,1
EMP1868,Alice,Davis,40.0,Cloud Tech-New York,Pending,2023-09-28,86618.37,alice.davis@example.com,-1021923784,Average,False,Cloud Tech,New York,2,1.2539356605065024,2023,9,3
EMP1869,Charlie,Miller,,Admin-Texas,Active,2024-02-15,59911.33,charlie.miller@example.com,-8471296179,Excellent,True,Admin,Texas,4,0.8706365503080082,2024,2,1
EMP1870,Heidi,Jones,,Cloud Tech-New York,Pending,2023-08-21,59137.64,heidi.jones@example.com,-3324260507,Good,False,Cloud Tech,New York,3,1.3579739904175223,2023,8,3
EMP1871,Alice,Garcia,35.0,Cloud Tech-Florida,Pending,2020-12-15,108474.65,alice.garcia@example.com,-184980424,Good,True,Cloud Tech,Florida,3,4.03832991101985,2020,12,4
EMP1872,Bob,Johnson,25.0,Finance-Illinois,Pending,2021-03-27,54417.71,bob.johnson@example.com,-3733777311,Excellent,False,Finance,Illinois,4,3.759069130732375,2021,3,1
EMP1873,Frank,Smith,40.0,HR-Texas,Pending,2023-03-25,88211.94,frank.smith@example.com,-6881228216,Average,False,HR,Texas,2,1.7659137577002053,2023,3,1
EMP1874,David,Johnson,25.0,Sales-New York,Inactive,2020-05-09,58452.18,david.johnson@example.com,-8192365345,Excellent,True,Sales,New York,4,4.640657084188912,2020,5,2
EMP1875,Grace,Williams,30.0,DevOps-California,Pending,2020-12-03,80706.28,grace.williams@example.com,-605603566,Average,True,DevOps,California,2,4.071184120465435,2020,12,4
EMP1876,Alice,Johnson,30.0,Cloud Tech-Nevada,Pending,2022-02-09,,alice.johnson@example.com,-9327986238,Good,True,Cloud Tech,Nevada,3,2.8856947296372346,2022,2,1
EMP1877,Heidi,Johnson,25.0,Cloud Tech-Texas,Active,2020-07-01,99471.89,heidi.johnson@example.com,-8471690617,Average,True,Cloud Tech,Texas,2,4.4955509924709105,2020,7,3
EMP1878,Eva,Jones,40.0,DevOps-Florida,Pending,2020-09-16,64431.22,eva.jones@example.com,-1205464753,Poor,False,DevOps,Florida,1,4.284736481861739,2020,9,3
EMP1879,Heidi,Jones,40.0,Admin-New York,Pending,2023-11-17,52633.48,heidi.jones@example.com,-8954787697,Good,False,Admin,New York,3,1.1170431211498972,2023,11,4
EMP1880,Heidi,Jones,,Cloud Tech-Nevada,Inactive,2021-12-13,79315.01,heidi.jones@example.com,-9992751757,Poor,True,Cloud Tech,Nevada,1,3.0444900752908968,2021,12,4
EMP1881,David,Miller,25.0,Sales-Texas,Pending,2022-01-11,110391.17,david.miller@example.com,-8914444982,Excellent,False,Sales,Texas,4,2.965092402464066,2022,1,1
EMP1882,David,Williams,40.0,DevOps-Nevada,Active,2021-07-20,53714.83,david.williams@example.com,-5539354357,Excellent,True,DevOps,Nevada,4,3.4442162902121836,2021,7,3
EMP1883,Charlie,Garcia,40.0,Finance-New York,Active,2023-10-04,114587.11,charlie.garcia@example.com,-6449639242,Excellent,True,Finance,New York,4,1.2375085557837098,2023,10,4
EMP1884,Frank,Garcia,35.0,Admin-Florida,Inactive,2021-11-15,93177.35,frank.garcia@example.com,-5885379820,Average,False,Admin,Florida,2,3.1211498973305956,2021,11,4
EMP1885,Heidi,Jones,25.0,Cloud Tech-Nevada,Active,2023-01-05,62312.13,heidi.jones@example.com,-4339527535,Good,False,Cloud Tech,Nevada,3,1.9822039698836413,2023,1,1
EMP1886,Heidi,Smith,,Cloud Tech-Texas,Active,2024-01-17,81137.46,heidi.smith@example.com,-7497852490,Excellent,False,Cloud Tech,Texas,4,0.9500342231348392,2024,1,1
EMP1887,Grace,Miller,30.0,DevOps-Nevada,Inactive,2021-04-16,104528.27,grace.miller@example.com,-4168601346,Excellent,False,DevOps,Nevada,4,3.704312114989733,2021,4,2
EMP1888,Bob,Brown,30.0,DevOps-Florida,Active,2022-02-08,112395.56,bob.brown@example.com,-7894896339,Good,False,DevOps,Florida,3,2.8884325804243667,2022,2,1
EMP1889,Heidi,Smith,25.0,Finance-New York,Active,2023-06-02,81849.36,heidi.smith@example.com,-6791766511,Excellent,False,Finance,New York,4,1.5770020533880904,2023,6,2
EMP1890,Charlie,Davis,40.0,DevOps-New York,Pending,2022-01-04,118288.91,charlie.davis@example.com,-2150014187,Poor,False,DevOps,New York,1,2.9842573579739904,2022,1,1
EMP1891,Charlie,Davis,25.0,DevOps-Illinois,Active,2021-07-28,59555.1,charlie.davis@example.com,-4216309000,Good,True,DevOps,Illinois,3,3.4223134839151266,2021,7,3
EMP1892,Heidi,Smith,40.0,Admin-California,Active,2024-12-20,70661.31,heidi.smith@example.com,-5944633398,Good,True,Admin,California,3,0.024640657084188913,2024,12,4
EMP1893,Charlie,Jones,,Sales-New York,Active,2022-04-23,109988.16,charlie.jones@example.com,-9485320894,Good,True,Sales,New York,3,2.6858316221765914,2022,4,2
EMP1894,David,Brown,,Finance-Florida,Inactive,2020-01-30,101101.24,david.brown@example.com,-3263890218,Poor,True,Finance,Florida,1,4.914442162902122,2020,1,1
EMP1895,David,Brown,30.0,HR-Florida,Pending,2021-03-31,112427.58,david.brown@example.com,-9471136336,Good,True,HR,Florida,3,3.7481177275838466,2021,3,1
EMP1896,Charlie,Miller,,Cloud Tech-Florida,Active,2020-03-23,119389.15,charlie.miller@example.com,-9223410345,Poor,False,Cloud Tech,Florida,1,4.769336071184121,2020,3,1
EMP1897,Alice,Brown,40.0,Sales-Florida,Inactive,2024-07-16,105861.23,alice.brown@example.com,-9967331166,Good,True,Sales,Florida,3,0.4544832306639288,2024,7,3
EMP1898,Heidi,Davis,40.0,Admin-Texas,Pending,2024-03-22,50869.61,heidi.davis@example.com,-7269608436,Average,True,Admin,Texas,2,0.7720739219712526,2024,3,1
EMP1899,David,Williams,30.0,HR-California,Active,2023-08-19,,david.williams@example.com,-6855078966,Excellent,True,HR,California,4,1.3634496919917864,2023,8,3
EMP1900,Eva,Jones,30.0,DevOps-Florida,Pending,2024-03-10,90856.21,eva.jones@example.com,-9352196262,Average,True,DevOps,Florida,2,0.8049281314168378,2024,3,1
EMP1901,Heidi,Brown,30.0,DevOps-Florida,Active,2024-06-05,111008.63,heidi.brown@example.com,-3556434368,Excellent,True,DevOps,Florida,4,0.5667351129363449,2024,6,2
EMP1902,Alice,Miller,25.0,Finance-Nevada,Inactive,2022-12-23,52289.99,alice.miller@example.com,-7093170694,Poor,True,Finance,Nevada,1,2.0177960301163584,2022,12,4
EMP1903,Eva,Davis,,Sales-Illinois,Active,2024-06-01,97926.56,eva.davis@example.com,-5607676163,Average,True,Sales,Illinois,2,0.5776865160848734,2024,6,2
EMP1904,Frank,Williams,25.0,Sales-Nevada,Inactive,2024-12-23,53609.38,frank.williams@example.com,-5345472238,Good,False,Sales,Nevada,3,0.01642710472279261,2024,12,4
EMP1905,Heidi,Johnson,,Cloud Tech-California,Inactive,2020-12-24,95372.09,heidi.johnson@example.com,-8983065030,Excellent,False,Cloud Tech,California,4,4.01368925393566,2020,12,4
EMP1906,David,Johnson,30.0,HR-New York,Pending,2020-08-20,95432.69,david.johnson@example.com,-2198041846,Excellent,True,HR,New York,4,4.358658453114305,2020,8,3
EMP1907,David,Williams,30.0,HR-California,Inactive,2022-10-28,97615.87,david.williams@example.com,-2426423641,Average,False,HR,California,2,2.1711156741957565,2022,10,4
EMP1908,Bob,Davis,35.0,HR-Florida,Inactive,2022-10-23,86867.78,bob.davis@example.com,-8131909247,Poor,False,HR,Florida,1,2.184804928131417,2022,10,4
EMP1909,Eva,Miller,40.0,Sales-California,Pending,2023-11-20,106615.71,eva.miller@example.com,-7623039110,Average,False,Sales,California,2,1.108829568788501,2023,11,4
EMP1910,Bob,Williams,30.0,Finance-Texas,Active,2022-03-11,112856.21,bob.williams@example.com,-4281785227,Poor,False,Finance,Texas,1,2.8035592060232717,2022,3,1
EMP1911,Bob,Jones,25.0,Admin-California,Active,2023-11-28,60356.78,bob.jones@example.com,-2305248087,Poor,True,Admin,California,1,1.0869267624914443,2023,11,4
EMP1912,David,Jones,,DevOps-Texas,Inactive,2022-05-03,117870.22,david.jones@example.com,-622072238,Excellent,False,DevOps,Texas,4,2.6584531143052703,2022,5,2
EMP1913,Charlie,Johnson,40.0,HR-Florida,Inactive,2024-02-19,95127.91,charlie.johnson@example.com,-5947372131,Average,False,HR,Florida,2,0.8596851471594799,2024,2,1
EMP1914,Bob,Brown,25.0,Admin-Illinois,Pending,2021-11-18,78818.42,bob.brown@example.com,-9016204786,Average,False,Admin,Illinois,2,3.1129363449691994,2021,11,4
EMP1915,Frank,Miller,40.0,Sales-Nevada,Pending,2022-12-21,108933.55,frank.miller@example.com,-6886878598,Poor,True,Sales,Nevada,1,2.023271731690623,2022,12,4
EMP1916,Eva,Johnson,,Admin-California,Active,2024-06-04,68200.52,eva.johnson@example.com,-6486287202,Average,True,Admin,California,2,0.5694729637234771,2024,6,2
EMP1917,Eva,Brown,25.0,Admin-California,Inactive,2022-07-22,116934.97,eva.brown@example.com,-1954196663,Good,True,Admin,California,3,2.439425051334702,2022,7,3
EMP1918,Charlie,Brown,,HR-New York,Active,2024-09-14,99567.78,charlie.brown@example.com,-5057303626,Good,True,HR,New York,3,0.29021218343600275,2024,9,3
EMP1919,Charlie,Garcia,30.0,Admin-Texas,Active,2021-10-10,90216.76,charlie.garcia@example.com,-9246320373,Average,True,Admin,Texas,2,3.2197125256673513,2021,10,4
EMP1920,Frank,Jones,30.0,Admin-Illinois,Pending,2020-03-12,96588.73,frank.jones@example.com,-7677537259,Average,True,Admin,Illinois,2,4.799452429842574,2020,3,1
EMP1921,Charlie,Davis,35.0,Finance-Illinois,Active,2022-12-28,71109.18,charlie.davis@example.com,-3214505765,Poor,True,Finance,Illinois,1,2.004106776180698,2022,12,4
EMP1922,Grace,Smith,40.0,Admin-Florida,Inactive,2020-11-15,50300.6,grace.smith@example.com,-1945887070,Good,False,Admin,Florida,3,4.120465434633813,2020,11,4
EMP1923,Frank,Davis,35.0,Finance-California,Pending,2023-09-27,60295.84,frank.davis@example.com,-5534820127,Good,False,Finance,California,3,1.2566735112936345,2023,9,3
EMP1924,Heidi,Smith,35.0,DevOps-Texas,Pending,2022-09-07,113012.21,heidi.smith@example.com,-4008385075,Excellent,False,DevOps,Texas,4,2.3107460643394937,2022,9,3
EMP1925,Bob,Williams,35.0,Cloud Tech-Florida,Pending,2024-09-18,65425.54,bob.williams@example.com,-5975954507,Poor,True,Cloud Tech,Florida,1,0.2792607802874743,2024,9,3
EMP1926,Frank,Jones,25.0,Sales-Nevada,Active,2023-04-09,86850.37,frank.jones@example.com,-9177680897,Excellent,True,Sales,Nevada,4,1.7248459958932238,2023,4,2
EMP1927,Eva,Brown,30.0,Cloud Tech-Texas,Pending,2024-10-05,81182.07,eva.brown@example.com,-1265742230,Good,True,Cloud Tech,Texas,3,0.2327173169062286,2024,10,4
EMP1928,Bob,Miller,,Finance-New York,Inactive,2021-10-12,92222.03,bob.miller@example.com,-9646300401,Poor,True,Finance,New York,1,3.2142368240930868,2021,10,4
EMP1929,Alice,Smith,35.0,Finance-New York,Pending,2024-10-14,79934.83,alice.smith@example.com,-3693626893,Average,True,Finance,New York,2,0.2080766598220397,2024,10,4
EMP1930,Alice,Davis,35.0,HR-California,Inactive,2022-07-01,111201.12,alice.davis@example.com,-3012047136,Poor,False,HR,California,1,2.4969199178644765,2022,7,3
EMP1931,Heidi,Brown,40.0,Finance-California,Active,2024-07-08,100960.05,heidi.brown@example.com,-2711759573,Average,False,Finance,California,2,0.47638603696098564,2024,7,3
EMP1932,Grace,Smith,30.0,Sales-Illinois,Active,2020-10-21,64544.87,grace.smith@example.com,-9885582983,Average,True,Sales,Illinois,2,4.188911704312115,2020,10,4
EMP1933,Frank,Smith,25.0,Sales-Florida,Active,2020-01-14,78662.24,frank.smith@example.com,-9330674583,Poor,True,Sales,Florida,1,4.958247775496235,2020,1,1
EMP1934,Grace,Garcia,30.0,Sales-Florida,Pending,2023-03-09,102867.06,grace.garcia@example.com,-7609441282,Average,True,Sales,Florida,2,1.809719370294319,2023,3,1
EMP1935,Charlie,Smith,40.0,HR-Illinois,Inactive,2020-03-27,107595.95,charlie.smith@example.com,-3372188565,Excellent,True,HR,Illinois,4,4.758384668035592,2020,3,1
EMP1936,Eva,Miller,40.0,Sales-Nevada,Inactive,2021-04-04,,eva.miller@example.com,-6954132970,Good,False,Sales,Nevada,3,3.7371663244353184,2021,4,2
EMP1937,Eva,Jones,35.0,DevOps-Nevada,Inactive,2020-09-11,95766.91,eva.jones@example.com,-5066626704,Average,True,DevOps,Nevada,2,4.298425735797399,2020,9,3
EMP1938,Grace,Miller,30.0,Finance-Nevada,Pending,2021-05-16,51990.98,grace.miller@example.com,-5143776935,Excellent,True,Finance,Nevada,4,3.62217659137577,2021,5,2
EMP1939,Heidi,Johnson,25.0,Sales-Nevada,Inactive,2023-04-05,83634.01,heidi.johnson@example.com,-6343925294,Average,True,Sales,Nevada,2,1.7357973990417521,2023,4,2
EMP1940,Eva,Brown,40.0,DevOps-Texas,Inactive,2022-11-15,,eva.brown@example.com,-9611110285,Good,True,DevOps,Texas,3,2.1218343600273784,2022,11,4
EMP1941,Eva,Jones,30.0,Sales-Texas,Active,2021-10-16,82273.08,eva.jones@example.com,-7120072023,Excellent,False,Sales,Texas,4,3.2032854209445585,2021,10,4
EMP1942,Frank,Garcia,30.0,Cloud Tech-California,Inactive,2022-05-09,94537.3,frank.garcia@example.com,-5591024509,Good,True,Cloud Tech,California,3,2.642026009582478,2022,5,2
EMP1943,Alice,Jones,35.0,HR-Illinois,Pending,2020-06-06,85970.65,alice.jones@example.com,-9109032670,Good,True,HR,Illinois,3,4.563997262149213,2020,6,2
EMP1944,Charlie,Jones,25.0,Sales-New York,Pending,2021-10-22,111071.02,charlie.jones@example.com,-4949819420,Excellent,False,Sales,New York,4,3.186858316221766,2021,10,4
EMP1945,Eva,Davis,35.0,DevOps-Nevada,Pending,2022-01-12,56708.34,eva.davis@example.com,-7942817933,Excellent,False,DevOps,Nevada,4,2.9623545516769334,2022,1,1
EMP1946,Charlie,Jones,25.0,Admin-Illinois,Inactive,2022-02-02,104516.55,charlie.jones@example.com,-652775843,Excellent,False,Admin,Illinois,4,2.9048596851471595,2022,2,1
EMP1947,Charlie,Garcia,25.0,Admin-New York,Pending,2021-03-28,108210.15,charlie.garcia@example.com,-6634533721,Poor,True,Admin,New York,1,3.756331279945243,2021,3,1
EMP1948,Bob,Miller,40.0,Finance-Texas,Active,2024-08-03,,bob.miller@example.com,-109121721,Excellent,True,Finance,Texas,4,0.405201916495551,2024,8,3
EMP1949,Frank,Jones,35.0,DevOps-California,Active,2024-07-31,80935.65,frank.jones@example.com,-1455937660,Excellent,False,DevOps,California,4,0.4134154688569473,2024,7,3
EMP1950,Frank,Williams,30.0,DevOps-California,Active,2024-03-04,107020.19,frank.williams@example.com,-8943705262,Excellent,False,DevOps,California,4,0.8213552361396304,2024,3,1
EMP1951,Charlie,Brown,30.0,HR-New York,Active,2020-09-23,118677.67,charlie.brown@example.com,-5100462775,Excellent,False,HR,New York,4,4.265571526351814,2020,9,3
EMP1952,Bob,Jones,25.0,Cloud Tech-Florida,Inactive,2020-03-28,63744.57,bob.jones@example.com,-5725659201,Average,False,Cloud Tech,Florida,2,4.75564681724846,2020,3,1
EMP1953,Alice,Brown,40.0,Cloud Tech-California,Active,2020-05-15,,alice.brown@example.com,-4617520237,Poor,False,Cloud Tech,California,1,4.6242299794661195,2020,5,2
EMP1954,Bob,Williams,25.0,Sales-New York,Pending,2021-02-13,62934.73,bob.williams@example.com,-9743260054,Good,False,Sales,New York,3,3.8740588637919235,2021,2,1
EMP1955,Bob,Williams,30.0,DevOps-California,Pending,2021-12-13,74654.23,bob.williams@example.com,-9550178331,Excellent,True,DevOps,California,4,3.0444900752908968,2021,12,4
EMP1956,David,Brown,,Sales-Texas,Active,2024-08-05,,david.brown@example.com,-5848689992,Average,True,Sales,Texas,2,0.3997262149212868,2024,8,3
EMP1957,David,Smith,30.0,HR-New York,Pending,2020-01-09,118150.59,david.smith@example.com,-6079848703,Average,True,HR,New York,2,4.971937029431896,2020,1,1
EMP1958,David,Johnson,,DevOps-Florida,Inactive,2023-11-30,91256.64,david.johnson@example.com,-5069176798,Average,False,DevOps,Florida,2,1.08145106091718,2023,11,4
EMP1959,Bob,Davis,30.0,HR-Florida,Inactive,2021-03-14,85997.57,bob.davis@example.com,-3593744038,Good,False,HR,Florida,3,3.7946611909650922,2021,3,1
EMP1960,Frank,Smith,25.0,Finance-Texas,Pending,2020-10-05,84707.12,frank.smith@example.com,-4640830372,Excellent,False,Finance,Texas,4,4.232717316906228,2020,10,4
EMP1961,Eva,Smith,,DevOps-Texas,Active,2021-11-02,84559.9,eva.smith@example.com,-6060148859,Poor,False,DevOps,Texas,1,3.156741957563313,2021,11,4
EMP1962,Heidi,Miller,,DevOps-California,Pending,2024-09-18,81076.91,heidi.miller@example.com,-8490793883,Poor,False,DevOps,California,1,0.2792607802874743,2024,9,3
EMP1963,Eva,Davis,40.0,Admin-Texas,Inactive,2023-10-22,,eva.davis@example.com,-1368528305,Average,False,Admin,Texas,2,1.1882272416153319,2023,10,4
EMP1964,Heidi,Davis,25.0,Finance-Florida,Pending,2023-09-10,97356.31,heidi.davis@example.com,-1537012423,Good,True,Finance,Florida,3,1.3032169746748803,2023,9,3
EMP1965,Grace,Smith,40.0,DevOps-Illinois,Active,2024-02-27,114770.32,grace.smith@example.com,-4626325143,Good,True,DevOps,Illinois,3,0.837782340862423,2024,2,1
EMP1966,Bob,Jones,35.0,Admin-California,Active,2023-05-03,109082.07,bob.jones@example.com,-8811210313,Good,False,Admin,California,3,1.6591375770020533,2023,5,2
EMP1967,David,Miller,40.0,DevOps-Florida,Inactive,2024-04-15,99944.57,david.miller@example.com,-2175188780,Poor,True,DevOps,Florida,1,0.7063655030800822,2024,4,2
EMP1968,Eva,Miller,40.0,HR-Florida,Pending,2023-05-20,116509.72,eva.miller@example.com,-7941515262,Average,False,HR,Florida,2,1.6125941136208077,2023,5,2
EMP1969,Eva,Williams,30.0,Finance-Texas,Active,2021-05-28,84253.9,eva.williams@example.com,-8409112251,Excellent,True,Finance,Texas,4,3.589322381930185,2021,5,2
EMP1970,Charlie,Garcia,25.0,Cloud Tech-Nevada,Active,2024-08-27,54776.01,charlie.garcia@example.com,-8837505660,Poor,False,Cloud Tech,Nevada,1,0.3394934976043806,2024,8,3
EMP1971,Charlie,Davis,40.0,Sales-Nevada,Inactive,2020-11-08,71192.68,charlie.davis@example.com,-8632397912,Average,False,Sales,Nevada,2,4.139630390143737,2020,11,4
EMP1972,Bob,Smith,,Finance-Florida,Active,2021-08-24,96346.53,bob.smith@example.com,-7876553006,Average,True,Finance,Florida,2,3.34839151266256,2021,8,3
EMP1973,Eva,Williams,,HR-Illinois,Pending,2020-02-06,116680.63,eva.williams@example.com,-3095055604,Excellent,True,HR,Illinois,4,4.895277207392197,2020,2,1
EMP1974,Grace,Brown,25.0,Finance-Florida,Inactive,2024-10-12,76343.56,grace.brown@example.com,-7121988191,Excellent,False,Finance,Florida,4,0.2135523613963039,2024,10,4
EMP1975,Alice,Johnson,30.0,Sales-Nevada,Inactive,2024-12-16,99424.14,alice.johnson@example.com,-7788519052,Excellent,False,Sales,Nevada,4,0.03559206023271732,2024,12,4
EMP1976,Charlie,Garcia,35.0,DevOps-Florida,Inactive,2024-04-13,57656.74,charlie.garcia@example.com,-4864010423,Good,True,DevOps,Florida,3,0.7118412046543463,2024,4,2
EMP1977,Heidi,Garcia,40.0,Sales-New York,Pending,2020-04-24,77396.94,heidi.garcia@example.com,-6245618516,Excellent,True,Sales,New York,4,4.681724845995893,2020,4,2
EMP1978,Grace,Garcia,,DevOps-California,Inactive,2021-10-18,54299.68,grace.garcia@example.com,-4460045211,Average,False,DevOps,California,2,3.1978097193702943,2021,10,4
EMP1979,Charlie,Miller,35.0,HR-Nevada,Pending,2020-02-25,103563.58,charlie.miller@example.com,-8991511454,Excellent,True,HR,Nevada,4,4.843258042436688,2020,2,1
EMP1980,Grace,Brown,25.0,Finance-California,Inactive,2022-04-23,74588.85,grace.brown@example.com,-1293913043,Average,False,Finance,California,2,2.6858316221765914,2022,4,2
EMP1981,David,Garcia,30.0,DevOps-California,Pending,2020-06-22,113727.23,david.garcia@example.com,-8818984840,Poor,False,DevOps,California,1,4.520191649555099,2020,6,2
EMP1982,Eva,Brown,25.0,HR-New York,Active,2023-01-07,72828.18,eva.brown@example.com,-6046154020,Good,False,HR,New York,3,1.9767282683093772,2023,1,1
EMP1983,Grace,Jones,,Sales-Florida,Inactive,2020-02-11,98717.09,grace.jones@example.com,-1901707567,Poor,False,Sales,Florida,1,4.8815879534565365,2020,2,1
EMP1984,Frank,Garcia,40.0,Sales-Florida,Inactive,2023-03-18,56840.8,frank.garcia@example.com,-1429831521,Poor,True,Sales,Florida,1,1.78507871321013,2023,3,1
EMP1985,David,Johnson,35.0,Finance-Illinois,Pending,2021-11-26,61663.91,david.johnson@example.com,-9107322835,Average,True,Finance,Illinois,2,3.0910335386721424,2021,11,4
EMP1986,Grace,Brown,30.0,Finance-Nevada,Active,2024-09-17,109523.4,grace.brown@example.com,-849378305,Poor,True,Finance,Nevada,1,0.28199863107460643,2024,9,3
EMP1987,Eva,Brown,25.0,HR-Illinois,Inactive,2024-07-05,65812.02,eva.brown@example.com,-3963845268,Average,True,HR,Illinois,2,0.48459958932238195,2024,7,3
EMP1988,Bob,Johnson,,Cloud Tech-Illinois,Inactive,2021-07-13,54708.88,bob.johnson@example.com,-6944391648,Excellent,True,Cloud Tech,Illinois,4,3.463381245722108,2021,7,3
EMP1989,Heidi,Garcia,40.0,Admin-California,Active,2023-08-27,107661.73,heidi.garcia@example.com,-7016934291,Excellent,True,Admin,California,4,1.3415468856947297,2023,8,3
EMP1990,Eva,Johnson,40.0,DevOps-Illinois,Inactive,2021-02-13,79002.0,eva.johnson@example.com,-9132033015,Average,True,DevOps,Illinois,2,3.8740588637919235,2021,2,1
EMP1991,Heidi,Brown,,Admin-Texas,Pending,2023-12-11,86135.69,heidi.brown@example.com,-2341903105,Excellent,False,Admin,Texas,4,1.051334702258727,2023,12,4
EMP1992,Heidi,Johnson,30.0,DevOps-Nevada,Inactive,2021-07-02,115601.4,heidi.johnson@example.com,-1537221555,Good,True,DevOps,Nevada,3,3.4934976043805612,2021,7,3
EMP1993,Grace,Brown,,DevOps-Nevada,Active,2022-12-05,64045.36,grace.brown@example.com,-6847323652,Poor,True,DevOps,Nevada,1,2.0670773442847366,2022,12,4
EMP1994,David,Brown,30.0,DevOps-Nevada,Inactive,2024-09-24,80477.21,david.brown@example.com,-3774604066,Good,False,DevOps,Nevada,3,0.26283367556468173,2024,9,3
EMP1995,Bob,Jones,30.0,Finance-California,Inactive,2023-08-16,61240.9,bob.jones@example.com,-2007843613,Poor,True,Finance,California,1,1.3716632443531827,2023,8,3
EMP1996,David,Smith,40.0,Admin-Texas,Active,2021-01-28,51939.29,david.smith@example.com,-2442607818,Excellent,True,Admin,Texas,4,3.917864476386037,2021,1,1
EMP1997,Eva,Brown,40.0,Finance-Illinois,Inactive,2022-05-14,95284.54,eva.brown@example.com,-7543734763,Good,False,Finance,Illinois,3,2.628336755646817,2022,5,2
EMP1998,Charlie,Garcia,35.0,Admin-Texas,Inactive,2024-06-05,106247.67,charlie.garcia@example.com,-2737203762,Excellent,True,Admin,Texas,4,0.5667351129363449,2024,6,2
EMP1999,Charlie,Williams,25.0,DevOps-Florida,Active,2020-04-23,110170.88,charlie.williams@example.com,-8821458413,Poor,True,DevOps,Florida,1,4.684462696783025,2020,4,2
EMP2000,Charlie,Miller,25.0,HR-Nevada,Pending,2024-06-10,52615.44,charlie.miller@example.com,-8460191343,Average,True,HR,Nevada,2,0.5530458590006845,2024,6,2
EMP2001,Eva,Davis,30.0,DevOps-Illinois,Inactive,2020-04-18,82547.26,eva.davis@example.com,-3899827801,Average,False,DevOps,Illinois,2,4.698151950718686,2020,4,2
EMP2002,Bob,Smith,35.0,Finance-Illinois,Pending,2020-06-29,63049.22,bob.smith@example.com,-586950731,Good,True,Finance,Illinois,3,4.501026694045175,2020,6,2
EMP2003,Frank,Smith,35.0,HR-California,Pending,2023-02-15,115229.12,frank.smith@example.com,-1464493698,Excellent,True,HR,California,4,1.8699520876112252,2023,2,1
EMP2004,Grace,Smith,25.0,DevOps-Illinois,Pending,2023-06-15,60687.63,grace.smith@example.com,-9516793349,Excellent,False,DevOps,Illinois,4,1.541409993155373,2023,6,2
EMP2005,Frank,Jones,30.0,Finance-Illinois,Inactive,2022-03-19,67492.73,frank.jones@example.com,-5573857367,Good,True,Finance,Illinois,3,2.7816563997262147,2022,3,1
EMP2006,Grace,Brown,,HR-Illinois,Inactive,2023-10-25,77821.79,grace.brown@example.com,-119236036,Average,False,HR,Illinois,2,1.1800136892539357,2023,10,4
EMP2007,Charlie,Jones,35.0,DevOps-Texas,Active,2022-07-14,69146.95,charlie.jones@example.com,-6811872332,Poor,False,DevOps,Texas,1,2.461327857631759,2022,7,3
EMP2008,Grace,Brown,35.0,Admin-Nevada,Inactive,2022-03-12,90224.82,grace.brown@example.com,-5104096148,Good,True,Admin,Nevada,3,2.8008213552361396,2022,3,1
EMP2009,David,Garcia,,Finance-Illinois,Pending,2024-06-11,62603.98,david.garcia@example.com,-7315391148,Poor,False,Finance,Illinois,1,0.5503080082135524,2024,6,2
EMP2010,Bob,Jones,35.0,Sales-Nevada,Active,2024-06-10,71148.27,bob.jones@example.com,-8307482072,Average,False,Sales,Nevada,2,0.5530458590006845,2024,6,2
EMP2011,David,Jones,40.0,Admin-California,Inactive,2022-09-21,52031.74,david.jones@example.com,-6511893939,Excellent,True,Admin,California,4,2.272416153319644,2022,9,3
EMP2012,Grace,Miller,35.0,DevOps-Florida,Inactive,2023-04-15,,grace.miller@example.com,-6557820189,Average,False,DevOps,Florida,2,1.7084188911704312,2023,4,2
EMP2013,Eva,Williams,,HR-Illinois,Pending,2020-02-06,116680.63,eva.williams@example.com,-4322302332,Good,False,HR,Illinois,3,4.895277207392197,2020,2,1
EMP2014,Grace,Jones,30.0,Finance-Nevada,Pending,2021-05-16,51990.98,grace.jones@example.com,-2470739200,Excellent,True,Finance,Nevada,4,3.62217659137577,2021,5,2
EMP2015,David,Miller,30.0,HR-California,Active,2023-08-19,,david.miller@example.com,-3546212759,Good,True,HR,California,3,1.3634496919917864,2023,8,3
EMP2016,David,Johnson,30.0,Cloud Tech-Texas,Inactive,2021-11-07,100215.06,david.johnson@example.com,-2508261122,Good,True,Cloud Tech,Texas,3,3.143052703627652,2021,11,4
EMP2017,Charlie,Williams,40.0,Finance-New York,Active,2023-10-04,114587.11,charlie.williams@example.com,-1261632487,Average,False,Finance,New York,2,1.2375085557837098,2023,10,4
EMP2018,Alice,Garcia,30.0,HR-Florida,Inactive,2024-12-16,71318.79,alice.garcia@example.com,-8995729892,Good,True,HR,Florida,3,0.03559206023271732,2024,12,4
EMP2019,Heidi,Jones,30.0,DevOps-Illinois,Pending,2021-02-22,77764.24,heidi.jones@example.com,-7629745492,Average,False,DevOps,Illinois,2,3.8494182067077345,2021,2,1
